district_code,district_name,housing_type,area_basis,front_area_bucket,market_area_bucket,market_area_label,contract_count,deposit_q25_manwon,deposit_median_manwon,deposit_q75_manwon,deposit_min_manwon,deposit_max_manwon,latest_contract_date,first_contract_date,represented_month_count,recent_3m_count,recent_6m_count,contract_scope,data_start_date,data_end_date,recommended_contract_scope,total_contract_count,new_contract_count,renewal_contract_count,unknown_contract_count,new_unknown_contract_count,pre_completion_contract_count,confidence,new_contract_rate,recent_3m_rate,recent_6m_rate,is_recommendation_usable,transaction_type
11110,종로구,apartment,exclusive_area,over_40,40_60,40㎡ 초과~60㎡,118,33000.0,42000.0,60450.0,10000.0,109000.0,2026-06-14,2025-07-05,12,29,55,new,2025-07-01,2026-06-30,new,217,118,87,12,130,0,high,0.543778801843318,0.2457627118644068,0.4661016949152542,True,jeonse
11110,종로구,apartment,exclusive_area,over_40,60_85,60㎡ 초과~85㎡,234,55000.0,75000.0,110000.0,14000.0,135000.0,2026-06-30,2025-07-01,12,44,102,new,2025-07-01,2026-06-30,new,421,234,180,7,241,0,high,0.5558194774346793,0.18803418803418803,0.4358974358974359,True,jeonse
11110,종로구,apartment,exclusive_area,over_40,over_85,85㎡ 초과,106,70000.0,95000.0,130000.0,27000.0,230000.0,2026-06-27,2025-07-02,12,25,50,new,2025-07-01,2026-06-30,new,185,106,79,0,106,0,high,0.572972972972973,0.2358490566037736,0.4716981132075472,True,jeonse
11110,종로구,officetel,exclusive_area,20_30,20_30,20㎡ 초과~30㎡,150,20100.0,23000.0,26000.0,9500.0,33000.0,2026-06-29,2025-07-02,12,32,77,new,2025-07-01,2026-06-30,new,207,150,57,0,150,0,high,0.7246376811594203,0.21333333333333335,0.5133333333333333,True,jeonse
11110,종로구,officetel,exclusive_area,30_40,30_40,30㎡ 초과~40㎡,62,23125.0,25000.0,32375.0,11000.0,55000.0,2026-06-18,2025-07-03,12,16,35,new,2025-07-01,2026-06-30,new,78,62,14,2,64,0,medium,0.7948717948717948,0.25806451612903225,0.5645161290322581,True,jeonse
11110,종로구,officetel,exclusive_area,over_40,40_60,40㎡ 초과~60㎡,32,29675.0,37500.0,40000.0,15000.0,53000.0,2026-06-24,2025-07-04,10,9,14,new,2025-07-01,2026-06-30,new,38,32,5,1,33,0,medium,0.8421052631578947,0.28125,0.4375,True,jeonse
11110,종로구,officetel,exclusive_area,under_20,under_20,20㎡ 이하,94,16177.5,18750.0,22500.0,5000.0,25000.0,2026-06-27,2025-07-02,12,26,52,new,2025-07-01,2026-06-30,new,122,94,28,0,94,0,medium,0.7704918032786885,0.2765957446808511,0.5531914893617021,True,jeonse
11110,종로구,row_house,exclusive_area,20_30,20_30,20㎡ 초과~30㎡,68,9400.0,13850.0,25000.0,3000.0,30000.0,2026-06-27,2025-07-12,10,21,38,new,2025-07-01,2026-06-30,new,94,68,24,2,70,0,medium,0.723404255319149,0.3088235294117647,0.5588235294117647,True,jeonse
11110,종로구,row_house,exclusive_area,30_40,30_40,30㎡ 초과~40㎡,66,12000.0,17500.0,25900.0,7875.0,45000.0,2026-06-09,2025-08-01,11,12,37,new,2025-07-01,2026-06-30,new,96,66,30,0,66,0,medium,0.6875,0.18181818181818182,0.5606060606060606,True,jeonse
11110,종로구,row_house,exclusive_area,over_40,40_60,40㎡ 초과~60㎡,184,16000.0,22500.0,30000.0,500.0,52000.0,2026-06-23,2025-07-07,12,43,86,new,2025-07-01,2026-06-30,new,272,184,85,3,187,0,high,0.6764705882352942,0.23369565217391305,0.4673913043478261,True,jeonse
11110,종로구,row_house,exclusive_area,over_40,60_85,60㎡ 초과~85㎡,118,30000.0,40000.0,50000.0,16000.0,83000.0,2026-06-26,2025-07-01,12,27,51,new,2025-07-01,2026-06-30,new,164,118,42,4,122,0,high,0.7195121951219512,0.2288135593220339,0.4322033898305085,True,jeonse
11110,종로구,row_house,exclusive_area,over_40,over_85,85㎡ 초과,51,40000.0,52000.0,75000.0,25000.0,165000.0,2026-06-30,2025-07-02,12,15,23,new,2025-07-01,2026-06-30,new,73,51,21,1,52,0,medium,0.6986301369863014,0.29411764705882354,0.45098039215686275,True,jeonse
11110,종로구,single_multi_house,single_multi_reported_area,20_30,20_30,20㎡ 초과~30㎡,55,8575.0,11000.0,15000.0,2000.0,26000.0,2026-05-30,2025-07-19,11,10,23,new,2025-07-01,2026-06-30,new,75,55,17,3,58,0,medium,0.7333333333333333,0.18181818181818182,0.41818181818181815,True,jeonse
11110,종로구,single_multi_house,single_multi_reported_area,30_40,30_40,30㎡ 초과~40㎡,47,9250.0,13000.0,16500.0,500.0,32000.0,2026-06-24,2025-07-18,12,12,26,new,2025-07-01,2026-06-30,new,69,47,19,3,50,0,medium,0.6811594202898551,0.2553191489361702,0.5531914893617021,True,jeonse
11110,종로구,single_multi_house,single_multi_reported_area,over_40,40_60,40㎡ 초과~60㎡,84,15000.0,19750.0,25000.0,5000.0,35000.0,2026-06-26,2025-07-02,12,17,34,new,2025-07-01,2026-06-30,new,114,84,29,1,85,0,medium,0.7368421052631579,0.20238095238095238,0.40476190476190477,True,jeonse
11110,종로구,single_multi_house,single_multi_reported_area,over_40,60_85,60㎡ 초과~85㎡,38,15750.0,24000.0,34075.0,10000.0,55000.0,2026-06-03,2025-08-19,11,7,22,new,2025-07-01,2026-06-30,new,66,38,24,4,42,0,medium,0.5757575757575758,0.18421052631578946,0.5789473684210527,True,jeonse
11110,종로구,single_multi_house,single_multi_reported_area,over_40,over_85,85㎡ 초과,41,16000.0,33000.0,50000.0,6000.0,130000.0,2026-06-12,2025-07-03,12,10,20,new,2025-07-01,2026-06-30,new,54,41,11,2,43,0,medium,0.7592592592592593,0.24390243902439024,0.4878048780487805,True,jeonse
11110,종로구,single_multi_house,single_multi_reported_area,under_20,under_20,20㎡ 이하,38,6175.0,10000.0,12000.0,500.0,17000.0,2026-06-26,2025-07-04,11,10,19,new,2025-07-01,2026-06-30,new,47,38,9,0,38,0,medium,0.8085106382978723,0.2631578947368421,0.5,True,jeonse
11140,중구,apartment,exclusive_area,20_30,20_30,20㎡ 초과~30㎡,72,24875.0,30000.0,35000.0,18500.0,49000.0,2026-06-26,2025-07-12,12,18,45,new,2025-07-01,2026-06-30,new,117,72,42,3,75,0,medium,0.6153846153846154,0.25,0.625,True,jeonse
11140,중구,apartment,exclusive_area,over_40,40_60,40㎡ 초과~60㎡,276,52000.0,58000.0,65000.0,15700.0,95000.0,2026-06-30,2025-07-01,12,58,121,new,2025-07-01,2026-06-30,new,585,276,275,34,310,0,high,0.4717948717948718,0.21014492753623187,0.4384057971014493,True,jeonse
11140,중구,apartment,exclusive_area,over_40,60_85,60㎡ 초과~85㎡,332,65000.0,73500.0,81225.0,27000.0,120000.0,2026-06-22,2025-07-02,12,41,128,new,2025-07-01,2026-06-30,new,653,332,303,18,350,0,high,0.5084226646248086,0.12349397590361445,0.3855421686746988,True,jeonse
11140,중구,apartment,exclusive_area,over_40,over_85,85㎡ 초과,144,78000.0,85000.0,100750.0,25000.0,450000.0,2026-06-22,2025-07-01,12,18,51,new,2025-07-01,2026-06-30,new,279,144,130,5,149,0,high,0.5161290322580645,0.125,0.3541666666666667,True,jeonse
11140,중구,officetel,exclusive_area,20_30,20_30,20㎡ 초과~30㎡,190,19000.0,21542.5,25700.0,10390.0,40000.0,2026-06-27,2025-07-01,12,47,91,new,2025-07-01,2026-06-30,new,290,190,97,3,193,0,high,0.6551724137931034,0.24736842105263157,0.4789473684210526,True,jeonse
11140,중구,officetel,exclusive_area,30_40,30_40,30㎡ 초과~40㎡,140,26187.5,33000.0,36000.0,1500.0,52000.0,2026-06-29,2025-07-05,12,45,80,new,2025-07-01,2026-06-30,new,230,140,90,0,140,0,high,0.6086956521739131,0.32142857142857145,0.5714285714285714,True,jeonse
11140,중구,officetel,exclusive_area,over_40,40_60,40㎡ 초과~60㎡,82,30000.0,38925.0,47000.0,12000.0,54000.0,2026-06-29,2025-07-04,12,23,42,new,2025-07-01,2026-06-30,new,145,82,63,0,82,0,medium,0.5655172413793104,0.2804878048780488,0.5121951219512195,True,jeonse
11140,중구,officetel,exclusive_area,under_20,under_20,20㎡ 이하,92,18682.5,22000.0,25000.0,13000.0,26000.0,2026-06-27,2025-07-01,12,15,41,new,2025-07-01,2026-06-30,new,222,92,130,0,92,0,medium,0.4144144144144144,0.16304347826086957,0.44565217391304346,True,jeonse
11140,중구,row_house,exclusive_area,20_30,20_30,20㎡ 초과~30㎡,166,23000.0,26800.0,29512.5,7500.0,39000.0,2026-06-30,2025-07-03,12,52,86,new,2025-07-01,2026-06-30,new,287,166,115,6,172,0,high,0.578397212543554,0.3132530120481928,0.5180722891566265,True,jeonse
11140,중구,row_house,exclusive_area,over_40,40_60,40㎡ 초과~60㎡,89,16000.0,20000.0,28500.0,8000.0,57000.0,2026-06-22,2025-07-03,12,23,45,new,2025-07-01,2026-06-30,new,148,89,54,5,94,0,medium,0.6013513513513513,0.25842696629213485,0.5056179775280899,True,jeonse
11140,중구,row_house,exclusive_area,over_40,60_85,60㎡ 초과~85㎡,63,26450.0,31000.0,36750.0,2500.0,90000.0,2026-06-11,2025-07-04,12,10,35,new,2025-07-01,2026-06-30,new,95,63,31,1,64,0,medium,0.6631578947368421,0.15873015873015872,0.5555555555555556,True,jeonse
11140,중구,row_house,exclusive_area,under_20,under_20,20㎡ 이하,38,7575.0,12900.0,15750.0,3500.0,27000.0,2026-06-25,2025-07-12,11,9,23,new,2025-07-01,2026-06-30,new,48,38,9,1,39,0,medium,0.7916666666666666,0.23684210526315788,0.6052631578947368,True,jeonse
11140,중구,single_multi_house,single_multi_reported_area,20_30,20_30,20㎡ 초과~30㎡,36,8000.0,10000.0,14000.0,3000.0,25000.0,2026-06-08,2025-07-10,12,4,16,new,2025-07-01,2026-06-30,new,43,36,4,3,39,0,medium,0.8372093023255814,0.1111111111111111,0.4444444444444444,True,jeonse
11140,중구,single_multi_house,single_multi_reported_area,30_40,30_40,30㎡ 초과~40㎡,36,11000.0,15000.0,16377.5,5000.0,27000.0,2026-06-18,2025-07-08,12,6,17,new,2025-07-01,2026-06-30,new,64,36,26,2,38,0,medium,0.5625,0.16666666666666666,0.4722222222222222,True,jeonse
11140,중구,single_multi_house,single_multi_reported_area,over_40,40_60,40㎡ 초과~60㎡,64,14750.0,20000.0,24250.0,6000.0,45000.0,2026-06-23,2025-07-04,11,16,30,new,2025-07-01,2026-06-30,new,91,64,25,2,66,0,medium,0.7032967032967034,0.25,0.46875,True,jeonse
11170,용산구,apartment,exclusive_area,over_40,40_60,40㎡ 초과~60㎡,438,55000.0,63000.0,72000.0,12000.0,200000.0,2026-06-29,2025-07-01,12,80,205,new,2025-07-01,2026-06-30,new,910,438,421,51,489,0,high,0.48131868131868133,0.182648401826484,0.4680365296803653,True,jeonse
11170,용산구,apartment,exclusive_area,over_40,60_85,60㎡ 초과~85㎡,426,58000.0,74565.0,90000.0,11550.0,150000.0,2026-06-30,2025-07-01,12,105,202,new,2025-07-01,2026-06-30,new,952,426,493,33,459,0,high,0.4474789915966387,0.24647887323943662,0.47417840375586856,True,jeonse
11170,용산구,apartment,exclusive_area,over_40,over_85,85㎡ 초과,480,80000.0,121500.0,185500.0,10000.0,1000000.0,2026-06-26,2025-07-01,12,108,236,new,2025-07-01,2026-06-30,new,994,480,496,18,498,0,high,0.482897384305835,0.225,0.49166666666666664,True,jeonse
11170,용산구,officetel,exclusive_area,20_30,20_30,20㎡ 초과~30㎡,189,25500.0,29000.0,33500.0,14500.0,45000.0,2026-06-29,2025-07-03,12,43,109,new,2025-07-01,2026-06-30,new,290,189,96,5,194,0,high,0.6517241379310345,0.2275132275132275,0.5767195767195767,True,jeonse
11170,용산구,officetel,exclusive_area,30_40,30_40,30㎡ 초과~40㎡,183,26000.0,30000.0,36000.0,15000.0,58000.0,2026-06-30,2025-07-02,12,39,89,new,2025-07-01,2026-06-30,new,269,183,84,2,185,0,high,0.6802973977695167,0.21311475409836064,0.48633879781420764,True,jeonse
11170,용산구,officetel,exclusive_area,over_40,40_60,40㎡ 초과~60㎡,81,38000.0,49500.0,55000.0,18000.0,72000.0,2026-06-26,2025-07-01,12,21,45,new,2025-07-01,2026-06-30,new,132,81,50,1,82,0,medium,0.6136363636363636,0.25925925925925924,0.5555555555555556,True,jeonse
11170,용산구,officetel,exclusive_area,under_20,under_20,20㎡ 이하,43,17000.0,18000.0,18950.0,13000.0,27000.0,2026-06-22,2025-07-18,10,10,14,new,2025-07-01,2026-06-30,new,61,43,18,0,43,0,medium,0.7049180327868853,0.23255813953488372,0.32558139534883723,True,jeonse
11170,용산구,row_house,exclusive_area,20_30,20_30,20㎡ 초과~30㎡,1049,23000.0,26000.0,29000.0,5800.0,50000.0,2026-06-30,2025-07-01,12,308,586,new,2025-07-01,2026-06-30,new,1704,1049,630,25,1074,0,high,0.6156103286384976,0.29361296472831266,0.5586272640610105,True,jeonse
11170,용산구,row_house,exclusive_area,30_40,30_40,30㎡ 초과~40㎡,154,15000.0,20000.0,27000.0,6500.0,39000.0,2026-06-30,2025-07-05,12,49,93,new,2025-07-01,2026-06-30,new,234,154,78,2,156,0,high,0.6581196581196581,0.3181818181818182,0.6038961038961039,True,jeonse
11170,용산구,row_house,exclusive_area,over_40,40_60,40㎡ 초과~60㎡,380,20000.0,27000.0,33000.0,2000.0,85000.0,2026-06-30,2025-07-01,12,90,207,new,2025-07-01,2026-06-30,new,669,380,279,10,390,0,high,0.5680119581464873,0.23684210526315788,0.5447368421052632,True,jeonse
11170,용산구,row_house,exclusive_area,over_40,60_85,60㎡ 초과~85㎡,234,27837.25,35000.0,40000.0,3000.0,80000.0,2026-06-30,2025-07-02,12,61,125,new,2025-07-01,2026-06-30,new,399,234,164,1,235,0,high,0.5864661654135338,0.2606837606837607,0.5341880341880342,True,jeonse
11170,용산구,row_house,exclusive_area,over_40,over_85,85㎡ 초과,65,37000.0,52000.0,118000.0,5000.0,1300000.0,2026-06-27,2025-07-04,12,19,39,new,2025-07-01,2026-06-30,new,92,65,27,0,65,0,medium,0.7065217391304348,0.2923076923076923,0.6,True,jeonse
11170,용산구,row_house,exclusive_area,under_20,under_20,20㎡ 이하,278,14000.0,18000.0,21000.0,7000.0,30000.0,2026-06-30,2025-07-03,12,78,145,new,2025-07-01,2026-06-30,new,391,278,110,3,281,0,high,0.710997442455243,0.2805755395683453,0.5215827338129496,True,jeonse
11170,용산구,single_multi_house,single_multi_reported_area,20_30,20_30,20㎡ 초과~30㎡,70,8943.75,11000.0,13000.0,600.0,18500.0,2026-06-24,2025-07-04,12,13,35,new,2025-07-01,2026-06-30,new,105,70,23,12,82,0,medium,0.6666666666666666,0.18571428571428572,0.5,True,jeonse
11170,용산구,single_multi_house,single_multi_reported_area,30_40,30_40,30㎡ 초과~40㎡,93,10500.0,13000.0,16000.0,5250.0,26000.0,2026-06-17,2025-07-10,12,15,44,new,2025-07-01,2026-06-30,new,139,93,40,6,99,0,medium,0.6690647482014388,0.16129032258064516,0.4731182795698925,True,jeonse
11170,용산구,single_multi_house,single_multi_reported_area,over_40,40_60,40㎡ 초과~60㎡,180,13000.0,17425.0,23000.0,2000.0,58000.0,2026-06-30,2025-07-02,12,32,86,new,2025-07-01,2026-06-30,new,291,180,107,4,184,0,high,0.6185567010309279,0.17777777777777778,0.4777777777777778,True,jeonse
11170,용산구,single_multi_house,single_multi_reported_area,over_40,60_85,60㎡ 초과~85㎡,66,20000.0,25000.0,30000.0,1000.0,75000.0,2026-06-29,2025-07-04,12,15,29,new,2025-07-01,2026-06-30,new,134,66,58,10,76,0,medium,0.4925373134328358,0.22727272727272727,0.4393939393939394,True,jeonse
11170,용산구,single_multi_house,single_multi_reported_area,over_40,over_85,85㎡ 초과,37,22500.0,35000.0,42000.0,8000.0,100000.0,2026-06-08,2025-07-12,12,9,17,new,2025-07-01,2026-06-30,new,72,37,34,1,38,0,medium,0.5138888888888888,0.24324324324324326,0.4594594594594595,True,jeonse
11170,용산구,single_multi_house,single_multi_reported_area,under_20,under_20,20㎡ 이하,55,5800.0,10000.0,12000.0,600.0,15500.0,2026-06-25,2025-07-09,12,11,24,new,2025-07-01,2026-06-30,new,70,55,13,2,57,0,medium,0.7857142857142857,0.2,0.43636363636363634,True,jeonse
11200,성동구,apartment,exclusive_area,over_40,40_60,40㎡ 초과~60㎡,1413,55000.0,65000.0,80000.0,22000.0,128000.0,2026-06-30,2025-07-01,12,242,607,new,2025-07-01,2026-06-30,new,2526,1413,965,148,1561,0,high,0.5593824228028503,0.17126680820948337,0.4295824486907289,True,jeonse
11200,성동구,apartment,exclusive_area,over_40,60_85,60㎡ 초과~85㎡,1404,63000.0,78250.0,95000.0,10000.0,250000.0,2026-06-30,2025-07-01,12,239,580,new,2025-07-01,2026-06-30,new,2644,1404,1145,95,1499,0,high,0.5310136157337367,0.17022792022792022,0.4131054131054131,True,jeonse
11200,성동구,apartment,exclusive_area,over_40,over_85,85㎡ 초과,443,68000.0,83000.0,110000.0,33500.0,550000.0,2026-06-29,2025-07-01,12,77,204,new,2025-07-01,2026-06-30,new,845,443,377,25,468,0,high,0.5242603550295858,0.17381489841986456,0.4604966139954853,True,jeonse
11200,성동구,officetel,exclusive_area,20_30,20_30,20㎡ 초과~30㎡,86,15000.0,21000.0,29802.5,5500.0,36000.0,2026-06-29,2025-07-04,12,26,53,new,2025-07-01,2026-06-30,new,139,86,52,1,87,0,medium,0.6187050359712231,0.3023255813953488,0.6162790697674418,True,jeonse
11200,성동구,officetel,exclusive_area,30_40,30_40,30㎡ 초과~40㎡,69,20000.0,26000.0,30000.0,13000.0,50000.0,2026-06-27,2025-07-05,12,11,31,new,2025-07-01,2026-06-30,new,130,69,61,0,69,0,medium,0.5307692307692308,0.15942028985507245,0.4492753623188406,True,jeonse
11200,성동구,officetel,exclusive_area,under_20,under_20,20㎡ 이하,103,17850.0,20000.0,23650.0,7500.0,30000.0,2026-06-20,2025-07-02,12,14,46,new,2025-07-01,2026-06-30,new,158,103,55,0,103,0,high,0.6518987341772152,0.13592233009708737,0.44660194174757284,True,jeonse
11200,성동구,row_house,exclusive_area,20_30,20_30,20㎡ 초과~30㎡,329,22000.0,25000.0,28000.0,1930.0,50000.0,2026-06-29,2025-07-02,12,86,175,new,2025-07-01,2026-06-30,new,510,329,178,3,332,0,high,0.6450980392156863,0.2613981762917933,0.5319148936170213,True,jeonse
11200,성동구,row_house,exclusive_area,30_40,30_40,30㎡ 초과~40㎡,78,15000.0,21000.0,30000.0,5250.0,46000.0,2026-06-29,2025-07-01,12,16,38,new,2025-07-01,2026-06-30,new,118,78,39,1,79,0,medium,0.6610169491525424,0.20512820512820512,0.48717948717948717,True,jeonse
11200,성동구,row_house,exclusive_area,over_40,40_60,40㎡ 초과~60㎡,176,19450.0,25000.0,30000.0,2000.0,55000.0,2026-06-27,2025-07-03,12,49,92,new,2025-07-01,2026-06-30,new,271,176,92,3,179,0,high,0.6494464944649446,0.2784090909090909,0.5227272727272727,True,jeonse
11200,성동구,row_house,exclusive_area,over_40,60_85,60㎡ 초과~85㎡,85,24000.0,33000.0,40000.0,7300.0,61000.0,2026-06-20,2025-07-09,12,13,41,new,2025-07-01,2026-06-30,new,138,85,52,1,86,0,medium,0.6159420289855072,0.15294117647058825,0.4823529411764706,True,jeonse
11200,성동구,row_house,exclusive_area,under_20,under_20,20㎡ 이하,93,11200.0,16000.0,21000.0,7350.0,35000.0,2026-06-30,2025-07-05,12,23,49,new,2025-07-01,2026-06-30,new,128,93,35,0,93,0,medium,0.7265625,0.24731182795698925,0.5268817204301075,True,jeonse
11200,성동구,single_multi_house,single_multi_reported_area,20_30,20_30,20㎡ 초과~30㎡,138,8000.0,10750.0,13925.0,300.0,20000.0,2026-06-29,2025-07-02,12,34,74,new,2025-07-01,2026-06-30,new,198,138,54,6,144,0,high,0.696969696969697,0.2463768115942029,0.5362318840579711,True,jeonse
11200,성동구,single_multi_house,single_multi_reported_area,30_40,30_40,30㎡ 초과~40㎡,147,10000.0,13000.0,19000.0,500.0,38000.0,2026-06-19,2025-07-01,12,37,72,new,2025-07-01,2026-06-30,new,232,147,74,11,158,0,high,0.6336206896551724,0.25170068027210885,0.4897959183673469,True,jeonse
11200,성동구,single_multi_house,single_multi_reported_area,over_40,40_60,40㎡ 초과~60㎡,146,14000.0,18000.0,23000.0,1000.0,50000.0,2026-06-30,2025-07-01,12,31,72,new,2025-07-01,2026-06-30,new,241,146,86,9,155,0,high,0.6058091286307054,0.21232876712328766,0.4931506849315068,True,jeonse
11200,성동구,single_multi_house,single_multi_reported_area,over_40,60_85,60㎡ 초과~85㎡,84,20000.0,25500.0,31250.0,5000.0,63000.0,2026-06-30,2025-07-01,12,25,47,new,2025-07-01,2026-06-30,new,126,84,40,2,86,0,medium,0.6666666666666666,0.2976190476190476,0.5595238095238095,True,jeonse
11200,성동구,single_multi_house,single_multi_reported_area,over_40,over_85,85㎡ 초과,33,15000.0,20000.0,26400.0,2500.0,60000.0,2026-06-03,2025-07-01,12,9,21,new,2025-07-01,2026-06-30,new,45,33,11,1,34,0,medium,0.7333333333333333,0.2727272727272727,0.6363636363636364,True,jeonse
11200,성동구,single_multi_house,single_multi_reported_area,under_20,under_20,20㎡ 이하,99,6000.0,9000.0,12000.0,1200.0,17000.0,2026-06-27,2025-07-02,12,9,36,new,2025-07-01,2026-06-30,new,142,99,29,14,113,0,medium,0.6971830985915493,0.09090909090909091,0.36363636363636365,True,jeonse
11215,광진구,apartment,exclusive_area,over_40,40_60,40㎡ 초과~60㎡,391,50000.0,60000.0,66000.0,13000.0,113000.0,2026-06-30,2025-07-03,12,82,168,new,2025-07-01,2026-06-30,new,763,391,372,0,391,0,high,0.5124508519003932,0.20971867007672634,0.4296675191815857,True,jeonse
11215,광진구,apartment,exclusive_area,over_40,60_85,60㎡ 초과~85㎡,745,65000.0,75000.0,88000.0,20000.0,175000.0,2026-06-30,2025-07-01,12,142,301,new,2025-07-01,2026-06-30,new,1443,745,694,4,749,0,high,0.5162855162855163,0.1906040268456376,0.4040268456375839,True,jeonse
11215,광진구,apartment,exclusive_area,over_40,over_85,85㎡ 초과,265,94000.0,120000.0,145000.0,10000.0,380000.0,2026-06-29,2025-07-02,12,46,100,new,2025-07-01,2026-06-30,new,435,265,170,0,265,0,high,0.6091954022988506,0.17358490566037735,0.37735849056603776,True,jeonse
11215,광진구,officetel,exclusive_area,20_30,20_30,20㎡ 초과~30㎡,77,17000.0,20000.0,25000.0,12000.0,40000.0,2026-06-27,2025-07-02,12,9,25,new,2025-07-01,2026-06-30,new,115,77,38,0,77,0,medium,0.6695652173913044,0.11688311688311688,0.3246753246753247,True,jeonse
11215,광진구,officetel,exclusive_area,30_40,30_40,30㎡ 초과~40㎡,44,10000.0,27000.0,30000.0,7875.0,35000.0,2026-06-20,2025-07-05,11,9,22,new,2025-07-01,2026-06-30,new,55,44,11,0,44,0,medium,0.8,0.20454545454545456,0.5,True,jeonse
11215,광진구,officetel,exclusive_area,under_20,under_20,20㎡ 이하,129,18000.0,20000.0,22000.0,8000.0,27500.0,2026-06-25,2025-07-05,12,23,66,new,2025-07-01,2026-06-30,new,182,129,53,0,129,0,high,0.7087912087912088,0.17829457364341086,0.5116279069767442,True,jeonse
11215,광진구,row_house,exclusive_area,20_30,20_30,20㎡ 초과~30㎡,819,21100.0,26000.0,29200.0,6600.0,42000.0,2026-06-30,2025-07-01,12,246,469,new,2025-07-01,2026-06-30,new,1317,819,493,5,824,0,high,0.621867881548975,0.30036630036630035,0.5726495726495726,True,jeonse
11215,광진구,row_house,exclusive_area,30_40,30_40,30㎡ 초과~40㎡,259,18198.0,23000.0,28070.0,5000.0,40000.0,2026-06-27,2025-07-02,12,70,150,new,2025-07-01,2026-06-30,new,436,259,174,3,262,0,high,0.5940366972477065,0.2702702702702703,0.5791505791505791,True,jeonse
11215,광진구,row_house,exclusive_area,over_40,40_60,40㎡ 초과~60㎡,612,23000.0,29000.0,36500.0,2000.0,59000.0,2026-06-30,2025-07-01,12,112,295,new,2025-07-01,2026-06-30,new,1002,612,382,8,620,0,high,0.6107784431137725,0.1830065359477124,0.4820261437908497,True,jeonse
11215,광진구,row_house,exclusive_area,over_40,60_85,60㎡ 초과~85㎡,219,25000.0,30000.0,38000.0,3500.0,130000.0,2026-06-30,2025-07-03,12,49,111,new,2025-07-01,2026-06-30,new,356,219,137,0,219,0,high,0.6151685393258427,0.2237442922374429,0.5068493150684932,True,jeonse
11215,광진구,row_house,exclusive_area,under_20,under_20,20㎡ 이하,165,10500.0,15000.0,19000.0,7000.0,98120.0,2026-06-30,2025-07-03,12,54,90,new,2025-07-01,2026-06-30,new,266,165,100,1,166,0,high,0.6203007518796992,0.32727272727272727,0.5454545454545454,True,jeonse
11215,광진구,single_multi_house,single_multi_reported_area,20_30,20_30,20㎡ 초과~30㎡,224,8000.0,11000.0,13000.0,600.0,26000.0,2026-06-30,2025-07-01,12,53,114,new,2025-07-01,2026-06-30,new,330,224,84,22,246,0,high,0.6787878787878788,0.23660714285714285,0.5089285714285714,True,jeonse
11215,광진구,single_multi_house,single_multi_reported_area,30_40,30_40,30㎡ 초과~40㎡,312,10000.0,14750.0,19000.0,2500.0,32000.0,2026-06-25,2025-07-02,12,81,164,new,2025-07-01,2026-06-30,new,469,312,131,26,338,0,high,0.6652452025586354,0.25961538461538464,0.5256410256410257,True,jeonse
11215,광진구,single_multi_house,single_multi_reported_area,over_40,40_60,40㎡ 초과~60㎡,376,14000.0,20000.0,25000.0,2500.0,45000.0,2026-06-30,2025-07-01,12,98,188,new,2025-07-01,2026-06-30,new,609,376,214,19,395,0,high,0.6174055829228243,0.26063829787234044,0.5,True,jeonse
11215,광진구,single_multi_house,single_multi_reported_area,over_40,60_85,60㎡ 초과~85㎡,166,20000.0,25000.0,30000.0,5000.0,50000.0,2026-06-30,2025-07-01,12,41,96,new,2025-07-01,2026-06-30,new,255,166,81,8,174,0,high,0.6509803921568628,0.2469879518072289,0.5783132530120482,True,jeonse
11215,광진구,single_multi_house,single_multi_reported_area,over_40,over_85,85㎡ 초과,64,20750.0,30000.0,39550.0,4000.0,68000.0,2026-06-23,2025-07-05,12,13,28,new,2025-07-01,2026-06-30,new,98,64,34,0,64,0,medium,0.6530612244897959,0.203125,0.4375,True,jeonse
11215,광진구,single_multi_house,single_multi_reported_area,under_20,under_20,20㎡ 이하,159,6280.0,8500.0,12000.0,2500.0,18000.0,2026-06-24,2025-07-01,12,27,66,new,2025-07-01,2026-06-30,new,220,159,41,20,179,0,high,0.7227272727272728,0.16981132075471697,0.41509433962264153,True,jeonse
11230,동대문구,apartment,exclusive_area,20_30,20_30,20㎡ 초과~30㎡,55,22000.0,23000.0,25200.0,12800.0,30000.0,2026-06-18,2025-07-12,11,8,28,new,2025-07-01,2026-06-30,new,81,55,23,3,58,0,medium,0.6790123456790124,0.14545454545454545,0.509090909090909,True,jeonse
11230,동대문구,apartment,exclusive_area,30_40,30_40,30㎡ 초과~40㎡,55,27000.0,28000.0,30000.0,3030.0,40000.0,2026-06-30,2025-07-02,12,8,19,new,2025-07-01,2026-06-30,new,109,55,41,13,68,0,medium,0.5045871559633027,0.14545454545454545,0.34545454545454546,True,jeonse
11230,동대문구,apartment,exclusive_area,over_40,40_60,40㎡ 초과~60㎡,1009,43000.0,55000.0,63500.0,9041.0,85000.0,2026-06-29,2025-07-01,12,215,477,new,2025-07-01,2026-06-30,new,1647,1009,552,86,1095,0,high,0.612629022465088,0.2130822596630327,0.47274529236868185,True,jeonse
11230,동대문구,apartment,exclusive_area,over_40,60_85,60㎡ 초과~85㎡,1031,50000.0,63000.0,75000.0,10000.0,100000.0,2026-06-30,2025-07-01,12,154,405,new,2025-07-01,2026-06-30,new,1912,1031,812,69,1100,0,high,0.5392259414225942,0.14936954413191075,0.39282250242483024,True,jeonse
11230,동대문구,apartment,exclusive_area,over_40,over_85,85㎡ 초과,305,49000.0,60000.0,70000.0,13000.0,130000.0,2026-06-27,2025-07-01,12,55,123,new,2025-07-01,2026-06-30,new,537,305,222,10,315,0,high,0.5679702048417132,0.18032786885245902,0.40327868852459015,True,jeonse
11230,동대문구,apartment,exclusive_area,under_20,under_20,20㎡ 이하,77,9300.0,15000.0,17775.0,7000.0,28000.0,2026-06-26,2025-07-01,12,15,29,new,2025-07-01,2026-06-30,new,119,77,39,3,80,0,medium,0.6470588235294118,0.19480519480519481,0.37662337662337664,True,jeonse
11230,동대문구,officetel,exclusive_area,20_30,20_30,20㎡ 초과~30㎡,281,17500.0,22050.0,25000.0,7000.0,34000.0,2026-06-23,2025-07-01,12,68,130,new,2025-07-01,2026-06-30,new,450,281,166,3,284,0,high,0.6244444444444445,0.24199288256227758,0.4626334519572954,True,jeonse
11230,동대문구,officetel,exclusive_area,30_40,30_40,30㎡ 초과~40㎡,102,15000.0,27000.0,32000.0,8800.0,45000.0,2026-06-26,2025-07-11,12,34,52,new,2025-07-01,2026-06-30,new,155,102,48,5,107,0,high,0.6580645161290323,0.3333333333333333,0.5098039215686274,True,jeonse
11230,동대문구,officetel,exclusive_area,over_40,40_60,40㎡ 초과~60㎡,173,31200.0,38000.0,46000.0,8000.0,60000.0,2026-06-29,2025-07-01,12,33,86,new,2025-07-01,2026-06-30,new,233,173,59,1,174,0,high,0.7424892703862661,0.1907514450867052,0.49710982658959535,True,jeonse
11230,동대문구,officetel,exclusive_area,over_40,60_85,60㎡ 초과~85㎡,39,36438.0,58000.0,65000.0,18200.0,75000.0,2026-06-27,2025-07-11,12,7,18,new,2025-07-01,2026-06-30,new,71,39,30,2,41,0,medium,0.5492957746478874,0.1794871794871795,0.46153846153846156,True,jeonse
11230,동대문구,officetel,exclusive_area,under_20,under_20,20㎡ 이하,235,15300.0,16900.0,18440.0,5500.0,25000.0,2026-06-27,2025-07-01,12,36,117,new,2025-07-01,2026-06-30,new,354,235,116,3,238,0,high,0.6638418079096046,0.15319148936170213,0.4978723404255319,True,jeonse
11230,동대문구,row_house,exclusive_area,20_30,20_30,20㎡ 초과~30㎡,456,21195.0,25000.0,26000.0,5000.0,35000.0,2026-06-30,2025-07-01,12,153,277,new,2025-07-01,2026-06-30,new,679,456,216,7,463,0,high,0.6715758468335787,0.3355263157894737,0.6074561403508771,True,jeonse
11230,동대문구,row_house,exclusive_area,30_40,30_40,30㎡ 초과~40㎡,55,14500.0,20000.0,26250.0,6500.0,35900.0,2026-06-26,2025-07-02,12,13,27,new,2025-07-01,2026-06-30,new,93,55,37,1,56,0,medium,0.5913978494623656,0.23636363636363636,0.4909090909090909,True,jeonse
11230,동대문구,row_house,exclusive_area,over_40,40_60,40㎡ 초과~60㎡,197,19000.0,24800.0,32000.0,6500.0,46000.0,2026-06-28,2025-07-02,12,39,80,new,2025-07-01,2026-06-30,new,339,197,136,6,203,0,high,0.5811209439528023,0.19796954314720813,0.40609137055837563,True,jeonse
11230,동대문구,row_house,exclusive_area,over_40,60_85,60㎡ 초과~85㎡,51,23500.0,26000.0,30000.0,9900.0,59000.0,2026-06-01,2025-07-01,12,14,30,new,2025-07-01,2026-06-30,new,90,51,36,3,54,0,medium,0.5666666666666667,0.27450980392156865,0.5882352941176471,True,jeonse
11230,동대문구,row_house,exclusive_area,under_20,under_20,20㎡ 이하,116,8425.0,10850.0,15925.0,3400.0,26200.0,2026-06-28,2025-07-02,12,19,56,new,2025-07-01,2026-06-30,new,142,116,26,0,116,0,high,0.8169014084507042,0.16379310344827586,0.4827586206896552,True,jeonse
11230,동대문구,single_multi_house,single_multi_reported_area,20_30,20_30,20㎡ 초과~30㎡,159,7000.0,9000.0,12000.0,2000.0,22000.0,2026-06-29,2025-07-04,12,34,87,new,2025-07-01,2026-06-30,new,192,159,22,11,170,0,high,0.828125,0.2138364779874214,0.5471698113207547,True,jeonse
11230,동대문구,single_multi_house,single_multi_reported_area,30_40,30_40,30㎡ 초과~40㎡,156,9875.0,12000.0,15000.0,4000.0,25000.0,2026-06-29,2025-07-01,12,36,72,new,2025-07-01,2026-06-30,new,199,156,37,6,162,0,high,0.7839195979899497,0.23076923076923078,0.46153846153846156,True,jeonse
11230,동대문구,single_multi_house,single_multi_reported_area,over_40,40_60,40㎡ 초과~60㎡,232,13000.0,15500.0,20000.0,2000.0,52000.0,2026-06-28,2025-07-01,12,51,110,new,2025-07-01,2026-06-30,new,307,232,67,8,240,0,high,0.755700325732899,0.21982758620689655,0.47413793103448276,True,jeonse
11230,동대문구,single_multi_house,single_multi_reported_area,over_40,60_85,60㎡ 초과~85㎡,104,15000.0,20000.0,25300.0,6000.0,37500.0,2026-06-30,2025-07-04,12,21,50,new,2025-07-01,2026-06-30,new,129,104,23,2,106,0,high,0.8062015503875969,0.20192307692307693,0.4807692307692308,True,jeonse
11230,동대문구,single_multi_house,single_multi_reported_area,over_40,over_85,85㎡ 초과,42,10000.0,18600.0,30000.0,2000.0,60000.0,2026-06-22,2025-07-03,11,10,21,new,2025-07-01,2026-06-30,new,59,42,15,2,44,0,medium,0.711864406779661,0.23809523809523808,0.5,True,jeonse
11230,동대문구,single_multi_house,single_multi_reported_area,under_20,under_20,20㎡ 이하,167,6500.0,8000.0,10000.0,1000.0,15000.0,2026-06-24,2025-07-03,12,19,81,new,2025-07-01,2026-06-30,new,198,167,19,12,179,0,high,0.8434343434343434,0.11377245508982035,0.48502994011976047,True,jeonse
11260,중랑구,apartment,exclusive_area,30_40,30_40,30㎡ 초과~40㎡,112,21000.0,23000.0,25000.0,8400.0,33000.0,2026-06-24,2025-07-09,12,26,55,new,2025-07-01,2026-06-30,new,216,112,94,10,122,0,high,0.5185185185185185,0.23214285714285715,0.49107142857142855,True,jeonse
11260,중랑구,apartment,exclusive_area,over_40,40_60,40㎡ 초과~60㎡,458,30000.0,35693.0,45000.0,10000.0,70000.0,2026-06-30,2025-07-02,12,77,179,new,2025-07-01,2026-06-30,new,1128,458,608,62,520,0,high,0.40602836879432624,0.16812227074235808,0.39082969432314413,True,jeonse
11260,중랑구,apartment,exclusive_area,over_40,60_85,60㎡ 초과~85㎡,709,45000.0,50000.0,57000.0,10000.0,85000.0,2026-06-30,2025-07-01,12,106,262,new,2025-07-01,2026-06-30,new,1689,709,921,59,768,0,high,0.4197750148016578,0.14950634696755993,0.3695345557122708,True,jeonse
11260,중랑구,apartment,exclusive_area,over_40,over_85,85㎡ 초과,160,55000.0,60500.0,69000.0,10000.0,104000.0,2026-06-30,2025-07-01,12,27,76,new,2025-07-01,2026-06-30,new,386,160,208,18,178,0,high,0.41450777202072536,0.16875,0.475,True,jeonse
11260,중랑구,officetel,exclusive_area,20_30,20_30,20㎡ 초과~30㎡,149,14128.0,19094.0,21000.0,8000.0,28500.0,2026-06-29,2025-07-01,12,22,74,new,2025-07-01,2026-06-30,new,283,149,130,4,153,0,high,0.5265017667844523,0.1476510067114094,0.4966442953020134,True,jeonse
11260,중랑구,officetel,exclusive_area,30_40,30_40,30㎡ 초과~40㎡,34,17375.0,24000.0,26000.0,11300.0,29000.0,2026-05-22,2025-07-04,11,4,16,new,2025-07-01,2026-06-30,new,56,34,19,3,37,0,medium,0.6071428571428571,0.11764705882352941,0.47058823529411764,True,jeonse
11260,중랑구,officetel,exclusive_area,over_40,40_60,40㎡ 초과~60㎡,80,28000.0,30000.0,33000.0,13500.0,43000.0,2026-06-17,2025-07-01,12,8,39,new,2025-07-01,2026-06-30,new,145,80,64,1,81,0,medium,0.5517241379310345,0.1,0.4875,True,jeonse
11260,중랑구,officetel,exclusive_area,over_40,60_85,60㎡ 초과~85㎡,76,47000.0,48000.0,50000.0,22000.0,57000.0,2026-06-27,2025-07-02,12,21,47,new,2025-07-01,2026-06-30,new,148,76,72,0,76,0,medium,0.5135135135135135,0.27631578947368424,0.618421052631579,True,jeonse
11260,중랑구,officetel,exclusive_area,under_20,under_20,20㎡ 이하,39,13800.0,18500.0,19100.0,6000.0,20400.0,2026-06-30,2025-07-07,11,8,18,new,2025-07-01,2026-06-30,new,76,39,37,0,39,0,medium,0.5131578947368421,0.20512820512820512,0.46153846153846156,True,jeonse
11260,중랑구,row_house,exclusive_area,20_30,20_30,20㎡ 초과~30㎡,479,18820.0,21400.0,24000.0,1000.0,36500.0,2026-06-26,2025-07-01,12,127,277,new,2025-07-01,2026-06-30,new,818,479,322,17,496,0,high,0.5855745721271394,0.2651356993736952,0.5782881002087683,True,jeonse
11260,중랑구,row_house,exclusive_area,30_40,30_40,30㎡ 초과~40㎡,154,16000.0,20000.0,25000.0,6000.0,36500.0,2026-06-24,2025-07-01,12,33,83,new,2025-07-01,2026-06-30,new,262,154,104,4,158,0,high,0.5877862595419847,0.21428571428571427,0.538961038961039,True,jeonse
11260,중랑구,row_house,exclusive_area,over_40,40_60,40㎡ 초과~60㎡,442,20000.0,26000.0,32000.0,1000.0,43000.0,2026-06-30,2025-07-02,12,93,203,new,2025-07-01,2026-06-30,new,697,442,247,8,450,0,high,0.6341463414634146,0.21040723981900453,0.4592760180995475,True,jeonse
11260,중랑구,row_house,exclusive_area,over_40,60_85,60㎡ 초과~85㎡,93,20000.0,22300.0,26000.0,5000.0,38000.0,2026-06-22,2025-07-01,12,15,49,new,2025-07-01,2026-06-30,new,160,93,63,4,97,0,medium,0.58125,0.16129032258064516,0.5268817204301075,True,jeonse
11260,중랑구,row_house,exclusive_area,under_20,under_20,20㎡ 이하,108,7770.0,10000.0,15150.0,4800.0,21200.0,2026-06-27,2025-07-01,12,25,55,new,2025-07-01,2026-06-30,new,164,108,53,3,111,0,high,0.6585365853658537,0.23148148148148148,0.5092592592592593,True,jeonse
11260,중랑구,single_multi_house,single_multi_reported_area,20_30,20_30,20㎡ 초과~30㎡,205,5000.0,8000.0,13000.0,2000.0,24000.0,2026-06-30,2025-07-01,12,43,102,new,2025-07-01,2026-06-30,new,254,205,39,10,215,0,high,0.8070866141732284,0.2097560975609756,0.4975609756097561,True,jeonse
11260,중랑구,single_multi_house,single_multi_reported_area,30_40,30_40,30㎡ 초과~40㎡,289,7000.0,11000.0,13000.0,500.0,25000.0,2026-06-30,2025-07-01,12,74,148,new,2025-07-01,2026-06-30,new,396,289,89,18,307,0,high,0.7297979797979798,0.2560553633217993,0.5121107266435986,True,jeonse
11260,중랑구,single_multi_house,single_multi_reported_area,over_40,40_60,40㎡ 초과~60㎡,281,12000.0,15000.0,18000.0,1000.0,38000.0,2026-06-29,2025-07-02,12,68,135,new,2025-07-01,2026-06-30,new,397,281,107,9,290,0,high,0.707808564231738,0.24199288256227758,0.4804270462633452,True,jeonse
11260,중랑구,single_multi_house,single_multi_reported_area,over_40,60_85,60㎡ 초과~85㎡,145,16000.0,20000.0,23500.0,1000.0,50000.0,2026-06-29,2025-07-01,12,36,80,new,2025-07-01,2026-06-30,new,190,145,44,1,146,0,high,0.7631578947368421,0.2482758620689655,0.5517241379310345,True,jeonse
11260,중랑구,single_multi_house,single_multi_reported_area,over_40,over_85,85㎡ 초과,59,9650.0,15000.0,21000.0,2000.0,39000.0,2026-06-25,2025-07-02,12,11,29,new,2025-07-01,2026-06-30,new,84,59,25,0,59,0,medium,0.7023809523809523,0.1864406779661017,0.4915254237288136,True,jeonse
11260,중랑구,single_multi_house,single_multi_reported_area,under_20,under_20,20㎡ 이하,78,5000.0,6750.0,8875.0,1000.0,17000.0,2026-06-22,2025-07-03,12,14,32,new,2025-07-01,2026-06-30,new,92,78,7,7,85,0,medium,0.8478260869565217,0.1794871794871795,0.41025641025641024,True,jeonse
11290,성북구,apartment,exclusive_area,30_40,30_40,30㎡ 초과~40㎡,35,25000.0,31000.0,34000.0,4644.0,38000.0,2026-05-30,2025-07-02,11,10,21,new,2025-07-01,2026-06-30,new,116,35,66,15,50,0,medium,0.3017241379310345,0.2857142857142857,0.6,True,jeonse
11290,성북구,apartment,exclusive_area,over_40,40_60,40㎡ 초과~60㎡,975,40000.0,49000.0,57000.0,6330.0,75000.0,2026-06-30,2025-07-01,12,184,390,new,2025-07-01,2026-06-30,new,2078,975,982,121,1096,0,high,0.4692011549566891,0.18871794871794872,0.4,True,jeonse
11290,성북구,apartment,exclusive_area,over_40,60_85,60㎡ 초과~85㎡,1024,50000.0,58000.0,65000.0,13000.0,110000.0,2026-06-30,2025-07-01,12,141,343,new,2025-07-01,2026-06-30,new,2079,1024,984,71,1095,0,high,0.49254449254449256,0.1376953125,0.3349609375,True,jeonse
11290,성북구,apartment,exclusive_area,over_40,over_85,85㎡ 초과,313,58000.0,68000.0,76070.0,16000.0,125000.0,2026-06-27,2025-07-01,12,56,126,new,2025-07-01,2026-06-30,new,608,313,276,19,332,0,high,0.5148026315789473,0.17891373801916932,0.402555910543131,True,jeonse
11290,성북구,officetel,exclusive_area,under_20,under_20,20㎡ 이하,48,12000.0,14000.0,15625.0,7500.0,25550.0,2026-06-25,2025-07-26,12,7,25,new,2025-07-01,2026-06-30,new,60,48,12,0,48,0,medium,0.8,0.14583333333333334,0.5208333333333334,True,jeonse
11290,성북구,row_house,exclusive_area,20_30,20_30,20㎡ 초과~30㎡,389,17000.0,19950.0,22000.0,4500.0,48000.0,2026-06-30,2025-07-02,12,93,205,new,2025-07-01,2026-06-30,new,608,389,209,10,399,0,high,0.6398026315789473,0.2390745501285347,0.5269922879177378,True,jeonse
11290,성북구,row_house,exclusive_area,30_40,30_40,30㎡ 초과~40㎡,125,11100.0,14400.0,20000.0,4000.0,33000.0,2026-06-30,2025-07-04,12,32,63,new,2025-07-01,2026-06-30,new,179,125,51,3,128,0,high,0.6983240223463687,0.256,0.504,True,jeonse
11290,성북구,row_house,exclusive_area,over_40,40_60,40㎡ 초과~60㎡,440,15000.0,20000.0,26212.5,2000.0,50000.0,2026-06-30,2025-07-04,12,102,220,new,2025-07-01,2026-06-30,new,706,440,256,10,450,0,high,0.623229461756374,0.2318181818181818,0.5,True,jeonse
11290,성북구,row_house,exclusive_area,over_40,60_85,60㎡ 초과~85㎡,188,18925.0,21500.0,27000.0,4000.0,48000.0,2026-06-30,2025-07-04,12,45,102,new,2025-07-01,2026-06-30,new,280,188,91,1,189,0,high,0.6714285714285714,0.2393617021276596,0.5425531914893617,True,jeonse
11290,성북구,row_house,exclusive_area,under_20,under_20,20㎡ 이하,81,8400.0,9400.0,13000.0,5500.0,19000.0,2026-06-22,2025-07-01,12,24,45,new,2025-07-01,2026-06-30,new,90,81,9,0,81,0,medium,0.9,0.2962962962962963,0.5555555555555556,True,jeonse
11290,성북구,single_multi_house,single_multi_reported_area,20_30,20_30,20㎡ 초과~30㎡,106,7000.0,9000.0,12750.0,2000.0,23000.0,2026-06-29,2025-07-07,12,21,57,new,2025-07-01,2026-06-30,new,145,106,27,12,118,0,high,0.7310344827586207,0.19811320754716982,0.5377358490566038,True,jeonse
11290,성북구,single_multi_house,single_multi_reported_area,30_40,30_40,30㎡ 초과~40㎡,155,7500.0,10000.0,13000.0,1000.0,24000.0,2026-06-29,2025-07-02,12,33,81,new,2025-07-01,2026-06-30,new,214,155,49,10,165,0,high,0.7242990654205608,0.2129032258064516,0.5225806451612903,True,jeonse
11290,성북구,single_multi_house,single_multi_reported_area,over_40,40_60,40㎡ 초과~60㎡,275,12000.0,14000.0,18000.0,4000.0,36000.0,2026-06-30,2025-07-03,12,68,143,new,2025-07-01,2026-06-30,new,367,275,83,9,284,0,high,0.7493188010899182,0.24727272727272728,0.52,True,jeonse
11290,성북구,single_multi_house,single_multi_reported_area,over_40,60_85,60㎡ 초과~85㎡,115,13000.0,19000.0,22250.0,3000.0,45000.0,2026-06-30,2025-07-04,12,23,65,new,2025-07-01,2026-06-30,new,169,115,51,3,118,0,high,0.6804733727810651,0.2,0.5652173913043478,True,jeonse
11290,성북구,single_multi_house,single_multi_reported_area,over_40,over_85,85㎡ 초과,47,10000.0,22000.0,30000.0,1500.0,50000.0,2026-06-24,2025-07-13,12,6,24,new,2025-07-01,2026-06-30,new,65,47,18,0,47,0,medium,0.7230769230769231,0.1276595744680851,0.5106382978723404,True,jeonse
11290,성북구,single_multi_house,single_multi_reported_area,under_20,under_20,20㎡ 이하,125,6000.0,7500.0,10000.0,1000.0,15000.0,2026-06-27,2025-07-03,12,20,65,new,2025-07-01,2026-06-30,new,159,125,17,17,142,0,high,0.7861635220125787,0.16,0.52,True,jeonse
11305,강북구,apartment,exclusive_area,over_40,40_60,40㎡ 초과~60㎡,263,25000.0,36000.0,45000.0,12000.0,65000.0,2026-06-26,2025-07-07,12,52,110,new,2025-07-01,2026-06-30,new,503,263,238,2,265,0,high,0.5228628230616302,0.19771863117870722,0.41825095057034223,True,jeonse
11305,강북구,apartment,exclusive_area,over_40,60_85,60㎡ 초과~85㎡,344,40000.0,48000.0,58250.0,21000.0,95000.0,2026-06-29,2025-07-01,12,75,167,new,2025-07-01,2026-06-30,new,661,344,317,0,344,0,high,0.5204236006051437,0.2180232558139535,0.48546511627906974,True,jeonse
11305,강북구,apartment,exclusive_area,over_40,over_85,85㎡ 초과,77,48000.0,54000.0,60000.0,8000.0,100000.0,2026-06-30,2025-07-01,12,13,39,new,2025-07-01,2026-06-30,new,149,77,71,1,78,0,medium,0.5167785234899329,0.16883116883116883,0.5064935064935064,True,jeonse
11305,강북구,apartment,exclusive_area,under_20,under_20,20㎡ 이하,36,15300.0,15850.0,17225.0,7500.0,23000.0,2026-06-15,2025-07-06,11,10,20,new,2025-07-01,2026-06-30,new,50,36,14,0,36,0,medium,0.72,0.2777777777777778,0.5555555555555556,True,jeonse
11305,강북구,officetel,exclusive_area,under_20,under_20,20㎡ 이하,41,15500.0,16000.0,17000.0,8500.0,19000.0,2026-06-26,2025-07-06,11,7,16,new,2025-07-01,2026-06-30,new,49,41,8,0,41,0,medium,0.8367346938775511,0.17073170731707318,0.3902439024390244,True,jeonse
11305,강북구,row_house,exclusive_area,20_30,20_30,20㎡ 초과~30㎡,112,7585.0,12400.0,17000.0,3000.0,25000.0,2026-06-30,2025-07-01,12,28,54,new,2025-07-01,2026-06-30,new,146,112,33,1,113,0,high,0.7671232876712328,0.25,0.48214285714285715,True,jeonse
11305,강북구,row_house,exclusive_area,30_40,30_40,30㎡ 초과~40㎡,202,8800.0,10850.0,13000.0,4000.0,28000.0,2026-06-26,2025-07-08,12,43,100,new,2025-07-01,2026-06-30,new,269,202,67,0,202,0,high,0.7509293680297398,0.21287128712871287,0.49504950495049505,True,jeonse
11305,강북구,row_house,exclusive_area,over_40,40_60,40㎡ 초과~60㎡,396,11650.0,15000.0,20880.0,2000.0,38000.0,2026-06-27,2025-07-03,12,76,187,new,2025-07-01,2026-06-30,new,572,396,173,3,399,0,high,0.6923076923076923,0.1919191919191919,0.4722222222222222,True,jeonse
11305,강북구,row_house,exclusive_area,over_40,60_85,60㎡ 초과~85㎡,105,16000.0,19000.0,22000.0,1000.0,40761.0,2026-06-30,2025-07-03,12,30,57,new,2025-07-01,2026-06-30,new,154,105,48,1,106,0,high,0.6818181818181818,0.2857142857142857,0.5428571428571428,True,jeonse
11305,강북구,single_multi_house,single_multi_reported_area,20_30,20_30,20㎡ 초과~30㎡,116,3875.0,6000.0,10000.0,1000.0,20000.0,2026-06-23,2025-07-01,12,28,61,new,2025-07-01,2026-06-30,new,151,116,25,10,126,0,high,0.7682119205298014,0.2413793103448276,0.5258620689655172,True,jeonse
11305,강북구,single_multi_house,single_multi_reported_area,30_40,30_40,30㎡ 초과~40㎡,148,5000.0,8050.0,12000.0,1500.0,22000.0,2026-06-25,2025-07-02,12,40,78,new,2025-07-01,2026-06-30,new,198,148,40,10,158,0,high,0.7474747474747475,0.2702702702702703,0.527027027027027,True,jeonse
11305,강북구,single_multi_house,single_multi_reported_area,over_40,40_60,40㎡ 초과~60㎡,244,10000.0,12750.0,15025.0,2000.0,55000.0,2026-06-29,2025-07-01,12,74,134,new,2025-07-01,2026-06-30,new,304,244,57,3,247,0,high,0.8026315789473685,0.30327868852459017,0.5491803278688525,True,jeonse
11305,강북구,single_multi_house,single_multi_reported_area,over_40,60_85,60㎡ 초과~85㎡,78,12000.0,15600.0,20000.0,3600.0,44500.0,2026-06-29,2025-07-02,12,16,42,new,2025-07-01,2026-06-30,new,103,78,24,1,79,0,medium,0.7572815533980582,0.20512820512820512,0.5384615384615384,True,jeonse
11305,강북구,single_multi_house,single_multi_reported_area,over_40,over_85,85㎡ 초과,73,5000.0,13500.0,18000.0,2000.0,50000.0,2026-06-27,2025-07-03,12,19,31,new,2025-07-01,2026-06-30,new,89,73,16,0,73,0,medium,0.8202247191011236,0.2602739726027397,0.4246575342465753,True,jeonse
11305,강북구,single_multi_house,single_multi_reported_area,under_20,under_20,20㎡ 이하,64,3500.0,6000.0,7000.0,500.0,15500.0,2026-06-30,2025-08-04,11,11,35,new,2025-07-01,2026-06-30,new,89,64,17,8,72,0,medium,0.7191011235955056,0.171875,0.546875,True,jeonse
11320,도봉구,apartment,exclusive_area,30_40,30_40,30㎡ 초과~40㎡,133,16000.0,17000.0,18000.0,10500.0,25000.0,2026-06-29,2025-07-05,12,23,60,new,2025-07-01,2026-06-30,new,230,133,79,18,151,0,high,0.5782608695652174,0.17293233082706766,0.45112781954887216,True,jeonse
11320,도봉구,apartment,exclusive_area,over_40,40_60,40㎡ 초과~60㎡,650,20000.0,24500.0,30000.0,1950.0,45000.0,2026-06-30,2025-07-01,12,152,310,new,2025-07-01,2026-06-30,new,1240,650,532,58,708,0,high,0.5241935483870968,0.23384615384615384,0.47692307692307695,True,jeonse
11320,도봉구,apartment,exclusive_area,over_40,60_85,60㎡ 초과~85㎡,959,35000.0,43000.0,85850.0,10000.0,89500.0,2026-06-29,2025-07-01,12,129,346,new,2025-07-01,2026-06-30,new,1635,959,611,65,1024,0,high,0.5865443425076453,0.13451511991657977,0.3607924921793535,True,jeonse
11320,도봉구,apartment,exclusive_area,over_40,over_85,85㎡ 초과,150,45125.0,55000.0,61000.0,5500.0,95000.0,2026-06-30,2025-07-09,12,27,69,new,2025-07-01,2026-06-30,new,282,150,123,9,159,0,high,0.5319148936170213,0.18,0.46,True,jeonse
11320,도봉구,officetel,exclusive_area,20_30,20_30,20㎡ 초과~30㎡,102,16525.0,18000.0,19000.0,5000.0,24600.0,2026-06-20,2025-07-10,12,15,43,new,2025-07-01,2026-06-30,new,145,102,35,8,110,0,high,0.7034482758620689,0.14705882352941177,0.4215686274509804,True,jeonse
11320,도봉구,officetel,exclusive_area,over_40,40_60,40㎡ 초과~60㎡,31,19500.0,29000.0,36500.0,11000.0,40000.0,2026-06-26,2025-07-19,11,11,19,new,2025-07-01,2026-06-30,new,54,31,23,0,31,0,medium,0.5740740740740741,0.3548387096774194,0.6129032258064516,True,jeonse
11320,도봉구,officetel,exclusive_area,over_40,60_85,60㎡ 초과~85㎡,46,27425.0,28675.0,44500.0,23000.0,53000.0,2026-06-03,2025-07-07,12,11,29,new,2025-07-01,2026-06-30,new,83,46,36,1,47,0,medium,0.5542168674698795,0.2391304347826087,0.6304347826086957,True,jeonse
11320,도봉구,officetel,exclusive_area,under_20,under_20,20㎡ 이하,68,10400.0,13000.0,13620.0,6800.0,14500.0,2026-06-25,2025-07-08,12,21,36,new,2025-07-01,2026-06-30,new,82,68,11,3,71,0,medium,0.8292682926829268,0.3088235294117647,0.5294117647058824,True,jeonse
11320,도봉구,row_house,exclusive_area,20_30,20_30,20㎡ 초과~30㎡,96,11750.0,15875.0,19000.0,4000.0,25500.0,2026-06-30,2025-07-06,12,25,53,new,2025-07-01,2026-06-30,new,141,96,40,5,101,0,medium,0.6808510638297872,0.2604166666666667,0.5520833333333334,True,jeonse
11320,도봉구,row_house,exclusive_area,30_40,30_40,30㎡ 초과~40㎡,132,7995.0,9500.0,12587.5,3000.0,38000.0,2026-06-27,2025-07-01,12,38,82,new,2025-07-01,2026-06-30,new,178,132,44,2,134,0,high,0.7415730337078652,0.2878787878787879,0.6212121212121212,True,jeonse
11320,도봉구,row_house,exclusive_area,over_40,40_60,40㎡ 초과~60㎡,268,10327.5,14650.0,20000.0,500.0,36000.0,2026-06-30,2025-07-01,12,65,140,new,2025-07-01,2026-06-30,new,415,268,141,6,274,0,high,0.6457831325301204,0.24253731343283583,0.5223880597014925,True,jeonse
11320,도봉구,row_house,exclusive_area,over_40,60_85,60㎡ 초과~85㎡,59,15000.0,17700.0,21950.0,7500.0,40000.0,2026-06-30,2025-07-03,12,12,26,new,2025-07-01,2026-06-30,new,90,59,25,6,65,0,medium,0.6555555555555556,0.2033898305084746,0.4406779661016949,True,jeonse
11320,도봉구,single_multi_house,single_multi_reported_area,20_30,20_30,20㎡ 초과~30㎡,47,3500.0,5500.0,7000.0,2000.0,13000.0,2026-06-24,2025-07-20,12,11,24,new,2025-07-01,2026-06-30,new,63,47,10,6,53,0,medium,0.746031746031746,0.23404255319148937,0.5106382978723404,True,jeonse
11320,도봉구,single_multi_house,single_multi_reported_area,30_40,30_40,30㎡ 초과~40㎡,111,4250.0,8000.0,10000.0,500.0,15800.0,2026-06-30,2025-07-02,12,26,58,new,2025-07-01,2026-06-30,new,138,111,22,5,116,0,high,0.8043478260869565,0.23423423423423423,0.5225225225225225,True,jeonse
11320,도봉구,single_multi_house,single_multi_reported_area,over_40,40_60,40㎡ 초과~60㎡,83,8500.0,12000.0,14000.0,2000.0,27000.0,2026-05-28,2025-07-03,11,13,39,new,2025-07-01,2026-06-30,new,118,83,31,4,87,0,medium,0.7033898305084746,0.1566265060240964,0.46987951807228917,True,jeonse
11320,도봉구,single_multi_house,single_multi_reported_area,over_40,60_85,60㎡ 초과~85㎡,57,14000.0,17000.0,20000.0,4000.0,27000.0,2026-06-25,2025-07-03,12,15,30,new,2025-07-01,2026-06-30,new,77,57,19,1,58,0,medium,0.7402597402597403,0.2631578947368421,0.5263157894736842,True,jeonse
11350,노원구,apartment,exclusive_area,20_30,20_30,20㎡ 초과~30㎡,35,16750.0,18000.0,18250.0,3390.0,20000.0,2026-05-15,2025-07-01,11,5,13,new,2025-07-01,2026-06-30,new,58,35,16,7,42,0,medium,0.603448275862069,0.14285714285714285,0.37142857142857144,True,jeonse
11350,노원구,apartment,exclusive_area,30_40,30_40,30㎡ 초과~40㎡,474,17000.0,20000.0,22000.0,7000.0,30000.0,2026-06-30,2025-07-01,12,87,203,new,2025-07-01,2026-06-30,new,876,474,351,51,525,0,high,0.541095890410959,0.18354430379746836,0.4282700421940928,True,jeonse
11350,노원구,apartment,exclusive_area,over_40,40_60,40㎡ 초과~60㎡,3059,21000.0,27500.0,32000.0,5000.0,68000.0,2026-06-30,2025-07-01,12,604,1480,new,2025-07-01,2026-06-30,new,6345,3059,3035,251,3310,0,high,0.4821118991331757,0.19745014710689768,0.4838182412553122,True,jeonse
11350,노원구,apartment,exclusive_area,over_40,60_85,60㎡ 초과~85㎡,1235,40000.0,48000.0,57000.0,5000.0,85000.0,2026-06-30,2025-07-01,12,210,530,new,2025-07-01,2026-06-30,new,2632,1235,1318,79,1314,0,high,0.46922492401215804,0.1700404858299595,0.4291497975708502,True,jeonse
11350,노원구,apartment,exclusive_area,over_40,over_85,85㎡ 초과,328,52750.0,63000.0,76250.0,12000.0,120000.0,2026-06-29,2025-07-02,12,52,132,new,2025-07-01,2026-06-30,new,654,328,306,20,348,0,high,0.5015290519877675,0.15853658536585366,0.4024390243902439,True,jeonse
11350,노원구,row_house,exclusive_area,20_30,20_30,20㎡ 초과~30㎡,64,10375.0,16519.0,18900.0,3000.0,22800.0,2026-06-27,2025-07-09,12,12,34,new,2025-07-01,2026-06-30,new,96,64,29,3,67,0,medium,0.6666666666666666,0.1875,0.53125,True,jeonse
11350,노원구,row_house,exclusive_area,30_40,30_40,30㎡ 초과~40㎡,83,10000.0,12000.0,13750.0,4000.0,22000.0,2026-06-29,2025-07-07,12,22,47,new,2025-07-01,2026-06-30,new,110,83,27,0,83,0,medium,0.7545454545454545,0.26506024096385544,0.5662650602409639,True,jeonse
11350,노원구,row_house,exclusive_area,over_40,40_60,40㎡ 초과~60㎡,151,12000.0,15000.0,20000.0,1000.0,37400.0,2026-06-30,2025-07-04,12,32,62,new,2025-07-01,2026-06-30,new,238,151,82,5,156,0,high,0.634453781512605,0.2119205298013245,0.4105960264900662,True,jeonse
11350,노원구,row_house,exclusive_area,over_40,60_85,60㎡ 초과~85㎡,54,14250.0,22000.0,26750.0,1500.0,60000.0,2026-06-19,2025-07-01,12,11,34,new,2025-07-01,2026-06-30,new,84,54,30,0,54,0,medium,0.6428571428571429,0.2037037037037037,0.6296296296296297,True,jeonse
11350,노원구,row_house,exclusive_area,under_20,under_20,20㎡ 이하,53,6600.0,7730.0,9000.0,4000.0,15000.0,2026-06-15,2025-07-03,10,12,34,new,2025-07-01,2026-06-30,new,65,53,12,0,53,0,medium,0.8153846153846154,0.22641509433962265,0.6415094339622641,True,jeonse
11350,노원구,single_multi_house,single_multi_reported_area,20_30,20_30,20㎡ 초과~30㎡,45,4500.0,7500.0,10000.0,2000.0,24000.0,2026-06-02,2025-07-16,12,6,19,new,2025-07-01,2026-06-30,new,49,45,1,3,48,0,medium,0.9183673469387755,0.13333333333333333,0.4222222222222222,True,jeonse
11350,노원구,single_multi_house,single_multi_reported_area,30_40,30_40,30㎡ 초과~40㎡,72,6750.0,8500.0,12250.0,2000.0,18000.0,2026-06-22,2025-07-03,12,20,42,new,2025-07-01,2026-06-30,new,92,72,15,5,77,0,medium,0.782608695652174,0.2777777777777778,0.5833333333333334,True,jeonse
11350,노원구,single_multi_house,single_multi_reported_area,over_40,40_60,40㎡ 초과~60㎡,82,9000.0,12000.0,15000.0,500.0,35000.0,2026-06-26,2025-07-09,12,14,38,new,2025-07-01,2026-06-30,new,125,82,40,3,85,0,medium,0.656,0.17073170731707318,0.4634146341463415,True,jeonse
11350,노원구,single_multi_house,single_multi_reported_area,under_20,under_20,20㎡ 이하,96,5500.0,6500.0,8000.0,1200.0,9000.0,2026-06-27,2025-07-03,12,12,48,new,2025-07-01,2026-06-30,new,117,96,10,11,107,0,medium,0.8205128205128205,0.125,0.5,True,jeonse
11380,은평구,apartment,exclusive_area,over_40,40_60,40㎡ 초과~60㎡,879,43000.0,51000.0,60000.0,3500.0,75000.0,2026-06-30,2025-07-01,12,211,413,new,2025-07-01,2026-06-30,new,1770,879,785,106,985,26,high,0.4966101694915254,0.24004550625711035,0.46985210466439137,True,jeonse
11380,은평구,apartment,exclusive_area,over_40,60_85,60㎡ 초과~85㎡,1224,43914.0,55000.0,66089.5,7000.0,116900.0,2026-06-30,2025-07-01,12,195,509,new,2025-07-01,2026-06-30,new,2650,1224,1292,134,1358,43,high,0.4618867924528302,0.15931372549019607,0.4158496732026144,True,jeonse
11380,은평구,apartment,exclusive_area,over_40,over_85,85㎡ 초과,267,55000.0,63000.0,73000.0,15000.0,115000.0,2026-06-29,2025-07-02,12,50,109,new,2025-07-01,2026-06-30,new,470,267,191,12,279,0,high,0.5680851063829787,0.18726591760299627,0.40823970037453183,True,jeonse
11380,은평구,apartment,exclusive_area,under_20,under_20,20㎡ 이하,56,9467.5,10840.0,15000.0,8000.0,20000.0,2026-06-25,2025-07-03,12,22,37,new,2025-07-01,2026-06-30,new,89,56,31,2,58,0,medium,0.6292134831460674,0.39285714285714285,0.6607142857142857,True,jeonse
11380,은평구,officetel,exclusive_area,20_30,20_30,20㎡ 초과~30㎡,90,11820.0,17700.0,20973.75,4500.0,27700.0,2026-06-30,2025-07-09,12,18,48,new,2025-07-01,2026-06-30,new,140,90,50,0,90,0,medium,0.6428571428571429,0.2,0.5333333333333333,True,jeonse
11380,은평구,officetel,exclusive_area,30_40,30_40,30㎡ 초과~40㎡,36,16825.0,19195.0,24000.0,9800.0,30000.0,2026-06-26,2025-07-01,11,14,25,new,2025-07-01,2026-06-30,new,52,36,15,1,37,0,medium,0.6923076923076923,0.3888888888888889,0.6944444444444444,True,jeonse
11380,은평구,officetel,exclusive_area,over_40,40_60,40㎡ 초과~60㎡,89,22870.0,25920.0,32700.0,10000.0,42000.0,2026-06-26,2025-07-02,12,23,43,new,2025-07-01,2026-06-30,new,159,89,66,4,93,0,medium,0.559748427672956,0.25842696629213485,0.48314606741573035,True,jeonse
11380,은평구,officetel,exclusive_area,over_40,60_85,60㎡ 초과~85㎡,30,34194.5,42000.0,43000.0,25000.0,63000.0,2026-06-23,2025-07-10,12,6,17,new,2025-07-01,2026-06-30,new,34,30,4,0,30,0,medium,0.8823529411764706,0.2,0.5666666666666667,True,jeonse
11380,은평구,officetel,exclusive_area,under_20,under_20,20㎡ 이하,123,13500.0,15000.0,18100.0,3000.0,20000.0,2026-06-26,2025-07-01,12,24,67,new,2025-07-01,2026-06-30,new,213,123,89,1,124,0,high,0.5774647887323944,0.1951219512195122,0.5447154471544715,True,jeonse
11380,은평구,row_house,exclusive_area,20_30,20_30,20㎡ 초과~30㎡,457,16000.0,20000.0,22050.0,3500.0,30000.0,2026-06-30,2025-07-01,12,117,238,new,2025-07-01,2026-06-30,new,744,457,281,6,463,0,high,0.614247311827957,0.25601750547045954,0.5207877461706784,True,jeonse
11380,은평구,row_house,exclusive_area,30_40,30_40,30㎡ 초과~40㎡,298,10000.0,13800.0,19000.0,3500.0,31800.0,2026-06-30,2025-07-03,12,81,162,new,2025-07-01,2026-06-30,new,458,298,156,4,302,0,high,0.6506550218340611,0.27181208053691275,0.5436241610738255,True,jeonse
11380,은평구,row_house,exclusive_area,over_40,40_60,40㎡ 초과~60㎡,702,15000.0,20000.0,26000.0,2500.0,42500.0,2026-06-30,2025-07-01,12,162,333,new,2025-07-01,2026-06-30,new,1174,702,449,23,725,0,high,0.5979557069846678,0.23076923076923078,0.47435897435897434,True,jeonse
11380,은평구,row_house,exclusive_area,over_40,60_85,60㎡ 초과~85㎡,273,20000.0,22500.0,25000.0,1000.0,74000.0,2026-06-30,2025-07-01,12,79,143,new,2025-07-01,2026-06-30,new,452,273,173,6,279,0,high,0.6039823008849557,0.2893772893772894,0.5238095238095238,True,jeonse
11380,은평구,row_house,exclusive_area,under_20,under_20,20㎡ 이하,70,7000.0,9000.0,11850.0,4200.0,18500.0,2026-06-24,2025-07-15,12,16,34,new,2025-07-01,2026-06-30,new,89,70,18,1,71,0,medium,0.7865168539325843,0.22857142857142856,0.4857142857142857,True,jeonse
11380,은평구,single_multi_house,single_multi_reported_area,20_30,20_30,20㎡ 초과~30㎡,64,5750.0,7750.0,10625.0,1000.0,17000.0,2026-06-26,2025-07-03,12,15,27,new,2025-07-01,2026-06-30,new,92,64,20,8,72,0,medium,0.6956521739130435,0.234375,0.421875,True,jeonse
11380,은평구,single_multi_house,single_multi_reported_area,30_40,30_40,30㎡ 초과~40㎡,177,6300.0,8500.0,12000.0,500.0,21500.0,2026-06-29,2025-07-01,12,43,79,new,2025-07-01,2026-06-30,new,231,177,45,9,186,0,high,0.7662337662337663,0.24293785310734464,0.4463276836158192,True,jeonse
11380,은평구,single_multi_house,single_multi_reported_area,over_40,40_60,40㎡ 초과~60㎡,208,8000.0,12000.0,15000.0,3000.0,30000.0,2026-06-30,2025-07-07,12,51,95,new,2025-07-01,2026-06-30,new,286,208,71,7,215,0,high,0.7272727272727273,0.24519230769230768,0.4567307692307692,True,jeonse
11380,은평구,single_multi_house,single_multi_reported_area,over_40,60_85,60㎡ 초과~85㎡,93,15000.0,18000.0,22000.0,4000.0,36000.0,2026-06-22,2025-07-10,12,22,51,new,2025-07-01,2026-06-30,new,148,93,52,3,96,0,medium,0.6283783783783784,0.23655913978494625,0.5483870967741935,True,jeonse
11380,은평구,single_multi_house,single_multi_reported_area,over_40,over_85,85㎡ 초과,48,17750.0,25000.0,32250.0,2500.0,60000.0,2026-06-26,2025-07-09,12,8,19,new,2025-07-01,2026-06-30,new,76,48,26,2,50,0,medium,0.631578947368421,0.16666666666666666,0.3958333333333333,True,jeonse
11380,은평구,single_multi_house,single_multi_reported_area,under_20,under_20,20㎡ 이하,34,6625.0,8000.0,8375.0,1000.0,13000.0,2026-06-15,2025-07-02,12,4,19,new,2025-07-01,2026-06-30,new,54,34,10,10,44,0,medium,0.6296296296296297,0.11764705882352941,0.5588235294117647,True,jeonse
11410,서대문구,apartment,exclusive_area,30_40,30_40,30㎡ 초과~40㎡,32,26012.5,30000.0,34000.0,8100.0,49600.0,2026-06-29,2025-07-03,12,5,13,new,2025-07-01,2026-06-30,new,70,32,34,4,36,0,medium,0.45714285714285713,0.15625,0.40625,True,jeonse
11410,서대문구,apartment,exclusive_area,over_40,40_60,40㎡ 초과~60㎡,741,44000.0,52500.0,65000.0,7737.0,90000.0,2026-06-29,2025-07-02,12,139,316,new,2025-07-01,2026-06-30,new,1406,741,568,97,838,0,high,0.527027027027027,0.18758434547908232,0.42645074224021595,True,jeonse
11410,서대문구,apartment,exclusive_area,over_40,60_85,60㎡ 초과~85㎡,1052,49225.0,65000.0,77000.0,10000.0,115000.0,2026-06-30,2025-07-01,12,159,426,new,2025-07-01,2026-06-30,new,1996,1052,870,74,1126,0,high,0.5270541082164328,0.15114068441064638,0.4049429657794677,True,jeonse
11410,서대문구,apartment,exclusive_area,over_40,over_85,85㎡ 초과,209,58000.0,70000.0,90000.0,1000.0,130000.0,2026-06-26,2025-07-01,12,36,99,new,2025-07-01,2026-06-30,new,380,209,164,7,216,0,high,0.55,0.1722488038277512,0.47368421052631576,True,jeonse
11410,서대문구,officetel,exclusive_area,20_30,20_30,20㎡ 초과~30㎡,74,17000.0,20500.0,23175.0,7000.0,35000.0,2026-06-19,2025-07-03,12,23,42,new,2025-07-01,2026-06-30,new,120,74,45,1,75,0,medium,0.6166666666666667,0.3108108108108108,0.5675675675675675,True,jeonse
11410,서대문구,officetel,exclusive_area,under_20,under_20,20㎡ 이하,79,16250.0,18900.0,20000.0,7190.0,23500.0,2026-06-20,2025-07-03,12,19,48,new,2025-07-01,2026-06-30,new,103,79,23,1,80,0,medium,0.7669902912621359,0.24050632911392406,0.6075949367088608,True,jeonse
11410,서대문구,row_house,exclusive_area,20_30,20_30,20㎡ 초과~30㎡,146,13125.0,17850.0,23000.0,5000.0,47000.0,2026-06-24,2025-07-01,12,28,88,new,2025-07-01,2026-06-30,new,232,146,80,6,152,0,high,0.6293103448275862,0.1917808219178082,0.6027397260273972,True,jeonse
11410,서대문구,row_house,exclusive_area,30_40,30_40,30㎡ 초과~40㎡,108,9725.0,12700.0,16050.0,1000.0,30000.0,2026-06-30,2025-07-02,12,24,43,new,2025-07-01,2026-06-30,new,150,108,41,1,109,0,high,0.72,0.2222222222222222,0.39814814814814814,True,jeonse
11410,서대문구,row_house,exclusive_area,over_40,40_60,40㎡ 초과~60㎡,367,14450.0,18000.0,25000.0,5000.0,50000.0,2026-06-30,2025-07-02,12,85,184,new,2025-07-01,2026-06-30,new,549,367,171,11,378,0,high,0.668488160291439,0.23160762942779292,0.5013623978201635,True,jeonse
11410,서대문구,row_house,exclusive_area,over_40,60_85,60㎡ 초과~85㎡,169,19200.0,23000.0,28000.0,5000.0,46000.0,2026-06-29,2025-07-02,12,43,89,new,2025-07-01,2026-06-30,new,270,169,95,6,175,0,high,0.6259259259259259,0.25443786982248523,0.5266272189349113,True,jeonse
11410,서대문구,row_house,exclusive_area,over_40,over_85,85㎡ 초과,30,26750.0,34000.0,46000.0,10000.0,79000.0,2026-06-06,2025-07-16,11,9,17,new,2025-07-01,2026-06-30,new,57,30,25,2,32,0,medium,0.5263157894736842,0.3,0.5666666666666667,True,jeonse
11410,서대문구,single_multi_house,single_multi_reported_area,20_30,20_30,20㎡ 초과~30㎡,112,8000.0,10000.0,13000.0,2000.0,21000.0,2026-06-23,2025-07-01,12,26,63,new,2025-07-01,2026-06-30,new,151,112,23,16,128,0,high,0.7417218543046358,0.23214285714285715,0.5625,True,jeonse
11410,서대문구,single_multi_house,single_multi_reported_area,30_40,30_40,30㎡ 초과~40㎡,112,7000.0,10000.0,14000.0,1450.0,32500.0,2026-06-30,2025-07-04,12,25,50,new,2025-07-01,2026-06-30,new,158,112,36,10,122,0,high,0.7088607594936709,0.22321428571428573,0.44642857142857145,True,jeonse
11410,서대문구,single_multi_house,single_multi_reported_area,over_40,40_60,40㎡ 초과~60㎡,153,10000.0,13000.0,17000.0,1000.0,30000.0,2026-06-29,2025-07-01,12,46,84,new,2025-07-01,2026-06-30,new,234,153,63,18,171,0,high,0.6538461538461539,0.3006535947712418,0.5490196078431373,True,jeonse
11410,서대문구,single_multi_house,single_multi_reported_area,over_40,60_85,60㎡ 초과~85㎡,91,15000.0,21000.0,25000.0,5000.0,60000.0,2026-06-20,2025-07-11,12,19,50,new,2025-07-01,2026-06-30,new,138,91,38,9,100,0,medium,0.6594202898550725,0.2087912087912088,0.5494505494505495,True,jeonse
11410,서대문구,single_multi_house,single_multi_reported_area,over_40,over_85,85㎡ 초과,46,12500.0,28000.0,40000.0,4000.0,150000.0,2026-06-18,2025-07-03,12,9,24,new,2025-07-01,2026-06-30,new,65,46,17,2,48,0,medium,0.7076923076923077,0.1956521739130435,0.5217391304347826,True,jeonse
11410,서대문구,single_multi_house,single_multi_reported_area,under_20,under_20,20㎡ 이하,99,6200.0,8000.0,10000.0,1000.0,18000.0,2026-06-25,2025-07-04,12,20,54,new,2025-07-01,2026-06-30,new,122,99,13,10,109,0,medium,0.8114754098360656,0.20202020202020202,0.5454545454545454,True,jeonse
11440,마포구,apartment,exclusive_area,30_40,30_40,30㎡ 초과~40㎡,70,26600.0,38050.0,45750.0,6441.0,62000.0,2026-06-27,2025-07-03,12,11,26,new,2025-07-01,2026-06-30,new,162,70,65,27,97,0,medium,0.43209876543209874,0.15714285714285714,0.37142857142857144,True,jeonse
11440,마포구,apartment,exclusive_area,over_40,40_60,40㎡ 초과~60㎡,1363,39950.0,59000.0,76545.0,7439.0,136000.0,2026-06-30,2025-07-01,12,243,580,new,2025-07-01,2026-06-30,new,2571,1363,1042,166,1529,0,high,0.5301439128743679,0.17828319882611884,0.425531914893617,True,jeonse
11440,마포구,apartment,exclusive_area,over_40,60_85,60㎡ 초과~85㎡,1182,63000.0,77000.0,97000.0,8000.0,133000.0,2026-06-30,2025-07-01,12,218,520,new,2025-07-01,2026-06-30,new,2408,1182,1138,88,1270,0,high,0.4908637873754153,0.1844331641285956,0.43993231810490696,True,jeonse
11440,마포구,apartment,exclusive_area,over_40,over_85,85㎡ 초과,363,75000.0,98000.0,130000.0,31600.0,390000.0,2026-06-28,2025-07-02,12,54,139,new,2025-07-01,2026-06-30,new,740,363,354,23,386,0,high,0.4905405405405405,0.1487603305785124,0.38292011019283745,True,jeonse
11440,마포구,officetel,exclusive_area,20_30,20_30,20㎡ 초과~30㎡,192,13500.0,21500.0,28000.0,7000.0,44000.0,2026-06-30,2025-07-05,12,52,107,new,2025-07-01,2026-06-30,new,298,192,105,1,193,0,high,0.6442953020134228,0.2708333333333333,0.5572916666666666,True,jeonse
11440,마포구,officetel,exclusive_area,30_40,30_40,30㎡ 초과~40㎡,126,24300.0,30000.0,37575.0,13000.0,45000.0,2026-06-30,2025-07-03,12,39,74,new,2025-07-01,2026-06-30,new,182,126,56,0,126,0,high,0.6923076923076923,0.30952380952380953,0.5873015873015873,True,jeonse
11440,마포구,officetel,exclusive_area,over_40,40_60,40㎡ 초과~60㎡,57,30000.0,34000.0,40000.0,10000.0,70000.0,2026-06-21,2025-07-04,12,20,31,new,2025-07-01,2026-06-30,new,86,57,29,0,57,0,medium,0.6627906976744186,0.3508771929824561,0.543859649122807,True,jeonse
11440,마포구,officetel,exclusive_area,over_40,60_85,60㎡ 초과~85㎡,35,40000.0,48000.0,64000.0,37500.0,80000.0,2026-06-10,2025-07-12,12,6,15,new,2025-07-01,2026-06-30,new,54,35,18,1,36,0,medium,0.6481481481481481,0.17142857142857143,0.42857142857142855,True,jeonse
11440,마포구,officetel,exclusive_area,under_20,under_20,20㎡ 이하,110,13500.0,16000.0,20000.0,7500.0,30600.0,2026-06-23,2025-07-09,12,18,52,new,2025-07-01,2026-06-30,new,175,110,65,0,110,0,high,0.6285714285714286,0.16363636363636364,0.4727272727272727,True,jeonse
11440,마포구,row_house,exclusive_area,20_30,20_30,20㎡ 초과~30㎡,809,20000.0,25000.0,29400.0,2000.0,40000.0,2026-06-30,2025-07-01,12,207,424,new,2025-07-01,2026-06-30,new,1285,809,460,16,825,0,high,0.6295719844357976,0.2558714462299135,0.5241038318912238,True,jeonse
11440,마포구,row_house,exclusive_area,30_40,30_40,30㎡ 초과~40㎡,328,17000.0,21573.0,30970.0,3500.0,45000.0,2026-06-29,2025-07-01,12,74,175,new,2025-07-01,2026-06-30,new,538,328,199,11,339,0,high,0.6096654275092936,0.22560975609756098,0.5335365853658537,True,jeonse
11440,마포구,row_house,exclusive_area,over_40,40_60,40㎡ 초과~60㎡,508,20000.0,26000.0,31500.0,2000.0,58000.0,2026-06-30,2025-07-01,12,111,269,new,2025-07-01,2026-06-30,new,860,508,341,11,519,0,high,0.5906976744186047,0.21850393700787402,0.5295275590551181,True,jeonse
11440,마포구,row_house,exclusive_area,over_40,60_85,60㎡ 초과~85㎡,174,26460.0,30000.0,35500.0,8000.0,56000.0,2026-06-24,2025-07-03,12,41,85,new,2025-07-01,2026-06-30,new,284,174,108,2,176,0,high,0.6126760563380281,0.23563218390804597,0.4885057471264368,True,jeonse
11440,마포구,row_house,exclusive_area,under_20,under_20,20㎡ 이하,309,12000.0,15000.0,16500.0,500.0,27000.0,2026-06-30,2025-07-02,12,66,166,new,2025-07-01,2026-06-30,new,436,309,123,4,313,0,high,0.7087155963302753,0.21359223300970873,0.5372168284789643,True,jeonse
11440,마포구,single_multi_house,single_multi_reported_area,20_30,20_30,20㎡ 초과~30㎡,110,9250.0,12000.0,15000.0,3500.0,22000.0,2026-06-25,2025-07-02,12,23,50,new,2025-07-01,2026-06-30,new,164,110,43,11,121,0,high,0.6707317073170732,0.20909090909090908,0.45454545454545453,True,jeonse
11440,마포구,single_multi_house,single_multi_reported_area,30_40,30_40,30㎡ 초과~40㎡,122,11682.0,13000.0,18000.0,3000.0,28000.0,2026-06-29,2025-07-01,12,17,63,new,2025-07-01,2026-06-30,new,205,122,71,12,134,0,high,0.5951219512195122,0.13934426229508196,0.5163934426229508,True,jeonse
11440,마포구,single_multi_house,single_multi_reported_area,over_40,40_60,40㎡ 초과~60㎡,172,14000.0,20000.0,23200.0,1000.0,53000.0,2026-06-30,2025-07-01,12,36,90,new,2025-07-01,2026-06-30,new,291,172,104,15,187,0,high,0.5910652920962199,0.20930232558139536,0.5232558139534884,True,jeonse
11440,마포구,single_multi_house,single_multi_reported_area,over_40,60_85,60㎡ 초과~85㎡,79,20000.0,25000.0,30000.0,6000.0,45000.0,2026-06-30,2025-07-11,12,23,39,new,2025-07-01,2026-06-30,new,128,79,42,7,86,0,medium,0.6171875,0.2911392405063291,0.4936708860759494,True,jeonse
11440,마포구,single_multi_house,single_multi_reported_area,under_20,under_20,20㎡ 이하,40,6500.0,9750.0,11125.0,700.0,17000.0,2026-06-18,2025-07-17,11,9,21,new,2025-07-01,2026-06-30,new,58,40,12,6,46,0,medium,0.6896551724137931,0.225,0.525,True,jeonse
11470,양천구,apartment,exclusive_area,over_40,40_60,40㎡ 초과~60㎡,1041,32000.0,40000.0,50000.0,10000.0,88000.0,2026-06-27,2025-07-01,12,199,478,new,2025-07-01,2026-06-30,new,2348,1041,1114,193,1234,0,high,0.44335604770017034,0.19116234390009607,0.45917387127761766,True,jeonse
11470,양천구,apartment,exclusive_area,over_40,60_85,60㎡ 초과~85㎡,1383,50000.0,63000.0,75000.0,7000.0,144000.0,2026-06-30,2025-07-01,12,317,653,new,2025-07-01,2026-06-30,new,3188,1383,1669,136,1519,0,high,0.4338143036386449,0.2292118582791034,0.47216196673897326,True,jeonse
11470,양천구,apartment,exclusive_area,over_40,over_85,85㎡ 초과,652,80000.0,93000.0,110000.0,15000.0,270000.0,2026-06-30,2025-07-01,12,128,274,new,2025-07-01,2026-06-30,new,1378,652,686,40,692,0,high,0.4731494920174166,0.19631901840490798,0.42024539877300615,True,jeonse
11470,양천구,officetel,exclusive_area,20_30,20_30,20㎡ 초과~30㎡,71,18500.0,26000.0,26750.0,1719.0,30000.0,2026-06-23,2025-07-04,12,12,31,new,2025-07-01,2026-06-30,new,120,71,49,0,71,0,medium,0.5916666666666667,0.16901408450704225,0.43661971830985913,True,jeonse
11470,양천구,officetel,exclusive_area,30_40,30_40,30㎡ 초과~40㎡,66,18000.0,19600.0,25000.0,12000.0,33000.0,2026-06-30,2025-07-04,11,20,31,new,2025-07-01,2026-06-30,new,105,66,38,1,67,0,medium,0.6285714285714286,0.30303030303030304,0.4696969696969697,True,jeonse
11470,양천구,officetel,exclusive_area,over_40,40_60,40㎡ 초과~60㎡,57,21000.0,30000.0,54500.0,13000.0,73000.0,2026-06-17,2025-07-09,12,17,34,new,2025-07-01,2026-06-30,new,87,57,30,0,57,0,medium,0.6551724137931034,0.2982456140350877,0.5964912280701754,True,jeonse
11470,양천구,officetel,exclusive_area,over_40,60_85,60㎡ 초과~85㎡,49,42000.0,60000.0,70000.0,29000.0,105000.0,2026-06-30,2025-07-05,12,15,24,new,2025-07-01,2026-06-30,new,89,49,40,0,49,0,medium,0.550561797752809,0.30612244897959184,0.4897959183673469,True,jeonse
11470,양천구,officetel,exclusive_area,over_40,over_85,85㎡ 초과,70,98500.0,108000.0,118750.0,42000.0,190000.0,2026-06-29,2025-07-03,12,16,27,new,2025-07-01,2026-06-30,new,138,70,68,0,70,0,medium,0.5072463768115942,0.22857142857142856,0.38571428571428573,True,jeonse
11470,양천구,row_house,exclusive_area,20_30,20_30,20㎡ 초과~30㎡,419,16600.0,19840.0,23000.0,1100.0,30000.0,2026-06-30,2025-07-01,12,107,221,new,2025-07-01,2026-06-30,new,678,419,245,14,433,0,high,0.6179941002949852,0.2553699284009546,0.5274463007159904,True,jeonse
11470,양천구,row_house,exclusive_area,30_40,30_40,30㎡ 초과~40㎡,319,10000.0,12500.0,18650.0,550.0,45700.0,2026-06-30,2025-07-02,12,90,177,new,2025-07-01,2026-06-30,new,477,319,149,9,328,0,high,0.6687631027253669,0.28213166144200624,0.554858934169279,True,jeonse
11470,양천구,row_house,exclusive_area,over_40,40_60,40㎡ 초과~60㎡,605,12800.0,17500.0,22000.0,5000.0,63000.0,2026-06-30,2025-07-01,12,149,316,new,2025-07-01,2026-06-30,new,946,605,331,10,615,0,high,0.6395348837209303,0.2462809917355372,0.5223140495867769,True,jeonse
11470,양천구,row_house,exclusive_area,over_40,60_85,60㎡ 초과~85㎡,191,16400.0,20000.0,25000.0,1000.0,50000.0,2026-06-30,2025-07-01,12,44,98,new,2025-07-01,2026-06-30,new,341,191,146,4,195,0,high,0.5601173020527859,0.23036649214659685,0.5130890052356021,True,jeonse
11470,양천구,row_house,exclusive_area,under_20,under_20,20㎡ 이하,35,9950.0,13000.0,16350.0,5000.0,25450.0,2026-06-23,2025-07-22,11,9,23,new,2025-07-01,2026-06-30,new,50,35,13,2,37,0,medium,0.7,0.2571428571428571,0.6571428571428571,True,jeonse
11470,양천구,single_multi_house,single_multi_reported_area,20_30,20_30,20㎡ 초과~30㎡,64,4375.0,7000.0,10000.0,1000.0,25000.0,2026-06-09,2025-07-04,12,18,39,new,2025-07-01,2026-06-30,new,82,64,11,7,71,0,medium,0.7804878048780488,0.28125,0.609375,True,jeonse
11470,양천구,single_multi_house,single_multi_reported_area,30_40,30_40,30㎡ 초과~40㎡,113,7000.0,10500.0,13000.0,2000.0,26000.0,2026-06-24,2025-07-02,12,33,58,new,2025-07-01,2026-06-30,new,157,113,39,5,118,0,high,0.7197452229299363,0.2920353982300885,0.5132743362831859,True,jeonse
11470,양천구,single_multi_house,single_multi_reported_area,over_40,40_60,40㎡ 초과~60㎡,127,10000.0,13000.0,16250.0,1500.0,42000.0,2026-06-19,2025-07-02,12,39,69,new,2025-07-01,2026-06-30,new,165,127,34,4,131,0,high,0.7696969696969697,0.30708661417322836,0.5433070866141733,True,jeonse
11470,양천구,single_multi_house,single_multi_reported_area,over_40,60_85,60㎡ 초과~85㎡,70,13250.0,18000.0,25000.0,3000.0,70000.0,2026-06-26,2025-07-02,12,18,39,new,2025-07-01,2026-06-30,new,111,70,39,2,72,0,medium,0.6306306306306306,0.2571428571428571,0.5571428571428572,True,jeonse
11470,양천구,single_multi_house,single_multi_reported_area,over_40,over_85,85㎡ 초과,39,9000.0,15000.0,23750.0,2000.0,70000.0,2026-06-03,2025-07-01,12,11,23,new,2025-07-01,2026-06-30,new,56,39,17,0,39,0,medium,0.6964285714285714,0.28205128205128205,0.5897435897435898,True,jeonse
11500,강서구,apartment,exclusive_area,20_30,20_30,20㎡ 초과~30㎡,66,19782.0,21040.0,25000.0,12560.0,40000.0,2026-06-30,2025-07-02,12,19,37,new,2025-07-01,2026-06-30,new,171,66,97,8,74,0,medium,0.38596491228070173,0.2878787878787879,0.5606060606060606,True,jeonse
11500,강서구,apartment,exclusive_area,30_40,30_40,30㎡ 초과~40㎡,414,23000.0,26000.0,28000.0,6418.0,43000.0,2026-06-30,2025-07-01,12,86,201,new,2025-07-01,2026-06-30,new,856,414,385,57,471,0,high,0.48364485981308414,0.20772946859903382,0.4855072463768116,True,jeonse
11500,강서구,apartment,exclusive_area,over_40,40_60,40㎡ 초과~60㎡,1197,36000.0,45000.0,52000.0,12516.0,90000.0,2026-06-30,2025-07-01,12,281,577,new,2025-07-01,2026-06-30,new,2747,1197,1324,226,1423,0,high,0.4357480888241718,0.23475355054302421,0.48203842940685043,True,jeonse
11500,강서구,apartment,exclusive_area,over_40,60_85,60㎡ 초과~85㎡,1245,50000.0,60000.0,73000.0,5000.0,100000.0,2026-06-30,2025-07-01,12,249,524,new,2025-07-01,2026-06-30,new,2813,1245,1426,142,1387,0,high,0.4425879843583363,0.2,0.42088353413654617,True,jeonse
11500,강서구,apartment,exclusive_area,over_40,over_85,85㎡ 초과,357,64000.0,76000.0,90000.0,34700.0,125000.0,2026-06-30,2025-07-03,12,78,167,new,2025-07-01,2026-06-30,new,725,357,344,24,381,0,high,0.4924137931034483,0.2184873949579832,0.4677871148459384,True,jeonse
11500,강서구,officetel,exclusive_area,20_30,20_30,20㎡ 초과~30㎡,725,17700.0,21300.0,25000.0,3000.0,55000.0,2026-06-29,2025-07-02,12,197,364,new,2025-07-01,2026-06-30,new,1405,725,666,14,739,0,high,0.5160142348754448,0.2717241379310345,0.5020689655172413,True,jeonse
11500,강서구,officetel,exclusive_area,30_40,30_40,30㎡ 초과~40㎡,200,23000.0,27000.0,30000.0,9000.0,34200.0,2026-06-30,2025-07-02,12,57,110,new,2025-07-01,2026-06-30,new,343,200,142,1,201,0,high,0.5830903790087464,0.285,0.55,True,jeonse
11500,강서구,officetel,exclusive_area,over_40,40_60,40㎡ 초과~60㎡,136,25825.0,30000.0,34625.0,10000.0,80000.0,2026-06-27,2025-07-01,12,34,76,new,2025-07-01,2026-06-30,new,230,136,92,2,138,0,high,0.591304347826087,0.25,0.5588235294117647,True,jeonse
11500,강서구,officetel,exclusive_area,over_40,60_85,60㎡ 초과~85㎡,69,36000.0,42000.0,70000.0,5000.0,90000.0,2026-06-29,2025-07-03,12,18,44,new,2025-07-01,2026-06-30,new,105,69,36,0,69,0,medium,0.6571428571428571,0.2608695652173913,0.6376811594202898,True,jeonse
11500,강서구,officetel,exclusive_area,under_20,under_20,20㎡ 이하,346,11920.0,13450.0,14700.0,5000.0,24100.0,2026-06-30,2025-07-01,12,59,166,new,2025-07-01,2026-06-30,new,550,346,203,1,347,0,high,0.6290909090909091,0.17052023121387283,0.4797687861271676,True,jeonse
11500,강서구,row_house,exclusive_area,20_30,20_30,20㎡ 초과~30㎡,704,16500.0,19500.0,22800.0,1000.0,39000.0,2026-06-30,2025-07-01,12,183,383,new,2025-07-01,2026-06-30,new,1124,704,397,23,727,0,high,0.6263345195729537,0.2599431818181818,0.5440340909090909,True,jeonse
11500,강서구,row_house,exclusive_area,30_40,30_40,30㎡ 초과~40㎡,292,10500.0,16000.0,21500.0,500.0,49000.0,2026-06-30,2025-07-01,12,85,154,new,2025-07-01,2026-06-30,new,489,292,188,9,301,0,high,0.5971370143149284,0.2910958904109589,0.5273972602739726,True,jeonse
11500,강서구,row_house,exclusive_area,over_40,40_60,40㎡ 초과~60㎡,582,13000.0,16000.0,21000.0,900.0,70000.0,2026-06-29,2025-07-01,12,146,314,new,2025-07-01,2026-06-30,new,972,582,366,24,606,0,high,0.5987654320987654,0.2508591065292096,0.5395189003436426,True,jeonse
11500,강서구,row_house,exclusive_area,over_40,60_85,60㎡ 초과~85㎡,208,17000.0,19450.0,23000.0,7100.0,65000.0,2026-06-30,2025-07-02,12,55,113,new,2025-07-01,2026-06-30,new,372,208,160,4,212,0,high,0.5591397849462365,0.2644230769230769,0.5432692307692307,True,jeonse
11500,강서구,row_house,exclusive_area,under_20,under_20,20㎡ 이하,85,8000.0,12690.0,17200.0,4725.0,33800.0,2026-06-25,2025-07-05,12,21,46,new,2025-07-01,2026-06-30,new,131,85,45,1,86,0,medium,0.648854961832061,0.24705882352941178,0.5411764705882353,True,jeonse
11500,강서구,single_multi_house,single_multi_reported_area,20_30,20_30,20㎡ 초과~30㎡,51,6000.0,8000.0,10750.0,1000.0,18450.0,2026-06-30,2025-07-01,12,11,28,new,2025-07-01,2026-06-30,new,65,51,8,6,57,0,medium,0.7846153846153846,0.21568627450980393,0.5490196078431373,True,jeonse
11500,강서구,single_multi_house,single_multi_reported_area,30_40,30_40,30㎡ 초과~40㎡,122,6000.0,9000.0,12000.0,2000.0,24200.0,2026-06-26,2025-07-08,12,33,66,new,2025-07-01,2026-06-30,new,162,122,33,7,129,0,high,0.7530864197530864,0.27049180327868855,0.5409836065573771,True,jeonse
11500,강서구,single_multi_house,single_multi_reported_area,over_40,40_60,40㎡ 초과~60㎡,135,9000.0,12000.0,14000.0,3000.0,33200.0,2026-06-30,2025-07-01,12,44,73,new,2025-07-01,2026-06-30,new,202,135,58,9,144,0,high,0.6683168316831684,0.32592592592592595,0.5407407407407407,True,jeonse
11500,강서구,single_multi_house,single_multi_reported_area,over_40,60_85,60㎡ 초과~85㎡,73,15000.0,19000.0,25000.0,1000.0,50000.0,2026-06-19,2025-07-03,12,18,34,new,2025-07-01,2026-06-30,new,109,73,33,3,76,0,medium,0.6697247706422018,0.2465753424657534,0.4657534246575342,True,jeonse
11500,강서구,single_multi_house,single_multi_reported_area,over_40,over_85,85㎡ 초과,37,11000.0,21000.0,30000.0,3000.0,60000.0,2026-06-24,2025-07-03,12,7,15,new,2025-07-01,2026-06-30,new,55,37,17,1,38,0,medium,0.6727272727272727,0.1891891891891892,0.40540540540540543,True,jeonse
11530,구로구,apartment,exclusive_area,30_40,30_40,30㎡ 초과~40㎡,104,14790.0,19750.0,28000.0,7000.0,37000.0,2026-06-30,2025-07-03,12,26,54,new,2025-07-01,2026-06-30,new,170,104,56,10,114,0,high,0.611764705882353,0.25,0.5192307692307693,True,jeonse
11530,구로구,apartment,exclusive_area,over_40,40_60,40㎡ 초과~60㎡,806,28000.0,35000.0,45000.0,3000.0,74000.0,2026-06-29,2025-07-02,12,162,393,new,2025-07-01,2026-06-30,new,1829,806,853,170,976,0,high,0.4406779661016949,0.20099255583126552,0.48759305210918114,True,jeonse
11530,구로구,apartment,exclusive_area,over_40,60_85,60㎡ 초과~85㎡,1095,38000.0,47000.0,55000.0,8000.0,92000.0,2026-06-30,2025-07-01,12,203,524,new,2025-07-01,2026-06-30,new,2077,1095,858,124,1219,0,high,0.5272026961964371,0.18538812785388128,0.4785388127853881,True,jeonse
11530,구로구,apartment,exclusive_area,over_40,over_85,85㎡ 초과,204,50000.0,60000.0,75000.0,23418.0,125000.0,2026-06-27,2025-07-05,12,44,96,new,2025-07-01,2026-06-30,new,591,204,324,63,267,0,high,0.34517766497461927,0.21568627450980393,0.47058823529411764,True,jeonse
11530,구로구,apartment,exclusive_area,under_20,under_20,20㎡ 이하,54,8825.0,9500.0,15700.0,8000.0,16000.0,2026-06-30,2025-07-03,12,17,39,new,2025-07-01,2026-06-30,new,87,54,32,1,55,0,medium,0.6206896551724138,0.3148148148148148,0.7222222222222222,True,jeonse
11530,구로구,officetel,exclusive_area,20_30,20_30,20㎡ 초과~30㎡,196,13875.0,20000.0,23575.0,6000.0,34200.0,2026-06-29,2025-07-01,12,48,108,new,2025-07-01,2026-06-30,new,354,196,158,0,196,0,high,0.5536723163841808,0.24489795918367346,0.5510204081632653,True,jeonse
11530,구로구,officetel,exclusive_area,30_40,30_40,30㎡ 초과~40㎡,69,18400.0,25000.0,28000.0,9000.0,32000.0,2026-06-17,2025-07-08,12,16,29,new,2025-07-01,2026-06-30,new,101,69,31,1,70,0,medium,0.6831683168316832,0.2318840579710145,0.42028985507246375,True,jeonse
11530,구로구,officetel,exclusive_area,over_40,40_60,40㎡ 초과~60㎡,136,25200.0,28000.0,32125.0,7870.0,43000.0,2026-06-27,2025-07-05,12,28,73,new,2025-07-01,2026-06-30,new,197,136,57,4,140,0,high,0.6903553299492385,0.20588235294117646,0.5367647058823529,True,jeonse
11530,구로구,officetel,exclusive_area,over_40,60_85,60㎡ 초과~85㎡,76,32000.0,36750.0,40000.0,21600.0,55000.0,2026-06-24,2025-07-03,12,18,42,new,2025-07-01,2026-06-30,new,102,76,25,1,77,0,medium,0.7450980392156863,0.23684210526315788,0.5526315789473685,True,jeonse
11530,구로구,officetel,exclusive_area,over_40,over_85,85㎡ 초과,58,42000.0,55000.0,60000.0,32000.0,78000.0,2026-06-28,2025-07-03,12,14,33,new,2025-07-01,2026-06-30,new,79,58,17,4,62,0,medium,0.7341772151898734,0.2413793103448276,0.5689655172413793,True,jeonse
11530,구로구,officetel,exclusive_area,under_20,under_20,20㎡ 이하,193,11000.0,14000.0,15500.0,5300.0,21000.0,2026-06-30,2025-07-01,12,43,88,new,2025-07-01,2026-06-30,new,296,193,103,0,193,0,high,0.652027027027027,0.22279792746113988,0.45595854922279794,True,jeonse
11530,구로구,row_house,exclusive_area,20_30,20_30,20㎡ 초과~30㎡,230,14347.5,17000.0,20000.0,1503.0,25190.0,2026-06-27,2025-07-02,12,63,130,new,2025-07-01,2026-06-30,new,307,230,72,5,235,0,high,0.749185667752443,0.27391304347826084,0.5652173913043478,True,jeonse
11530,구로구,row_house,exclusive_area,30_40,30_40,30㎡ 초과~40㎡,171,10000.0,13000.0,18000.0,4000.0,33000.0,2026-06-30,2025-07-01,12,47,102,new,2025-07-01,2026-06-30,new,212,171,34,7,178,0,high,0.8066037735849056,0.27485380116959063,0.5964912280701754,True,jeonse
11530,구로구,row_house,exclusive_area,over_40,40_60,40㎡ 초과~60㎡,427,13000.0,16000.0,20000.0,1548.0,100000.0,2026-06-30,2025-07-01,12,99,211,new,2025-07-01,2026-06-30,new,577,427,128,22,449,0,high,0.7400346620450606,0.23185011709601874,0.49414519906323184,True,jeonse
11530,구로구,row_house,exclusive_area,over_40,60_85,60㎡ 초과~85㎡,144,12725.0,16000.0,19900.0,7000.0,29300.0,2026-06-27,2025-07-04,12,29,68,new,2025-07-01,2026-06-30,new,183,144,36,3,147,0,high,0.7868852459016393,0.2013888888888889,0.4722222222222222,True,jeonse
11530,구로구,single_multi_house,single_multi_reported_area,20_30,20_30,20㎡ 초과~30㎡,136,5000.0,7000.0,9500.0,1000.0,18000.0,2026-06-30,2025-07-04,12,32,64,new,2025-07-01,2026-06-30,new,159,136,19,4,140,0,high,0.8553459119496856,0.23529411764705882,0.47058823529411764,True,jeonse
11530,구로구,single_multi_house,single_multi_reported_area,30_40,30_40,30㎡ 초과~40㎡,158,6500.0,9000.0,11000.0,1500.0,17000.0,2026-06-29,2025-07-01,12,40,76,new,2025-07-01,2026-06-30,new,193,158,32,3,161,0,high,0.8186528497409327,0.25316455696202533,0.4810126582278481,True,jeonse
11530,구로구,single_multi_house,single_multi_reported_area,over_40,40_60,40㎡ 초과~60㎡,181,9000.0,12000.0,14000.0,3000.0,30000.0,2026-06-30,2025-07-05,12,47,99,new,2025-07-01,2026-06-30,new,219,181,35,3,184,0,high,0.8264840182648402,0.2596685082872928,0.5469613259668509,True,jeonse
11530,구로구,single_multi_house,single_multi_reported_area,over_40,60_85,60㎡ 초과~85㎡,67,12000.0,16000.0,21250.0,2600.0,30000.0,2026-06-27,2025-07-01,11,24,41,new,2025-07-01,2026-06-30,new,83,67,16,0,67,0,medium,0.8072289156626506,0.3582089552238806,0.6119402985074627,True,jeonse
11530,구로구,single_multi_house,single_multi_reported_area,over_40,over_85,85㎡ 초과,40,6925.0,10500.0,15000.0,2500.0,27000.0,2026-06-18,2025-07-14,11,11,21,new,2025-07-01,2026-06-30,new,57,40,17,0,40,0,medium,0.7017543859649122,0.275,0.525,True,jeonse
11530,구로구,single_multi_house,single_multi_reported_area,under_20,under_20,20㎡ 이하,78,4000.0,5100.0,8750.0,200.0,17000.0,2026-06-29,2025-07-04,12,17,37,new,2025-07-01,2026-06-30,new,95,78,13,4,82,0,medium,0.8210526315789474,0.21794871794871795,0.47435897435897434,True,jeonse
11545,금천구,apartment,exclusive_area,over_40,40_60,40㎡ 초과~60㎡,411,23000.0,32000.0,43524.0,5000.0,70000.0,2026-06-29,2025-07-01,12,85,199,new,2025-07-01,2026-06-30,new,681,411,265,5,416,0,high,0.6035242290748899,0.20681265206812652,0.48418491484184917,True,jeonse
11545,금천구,apartment,exclusive_area,over_40,60_85,60㎡ 초과~85㎡,297,35000.0,42000.0,58000.0,10000.0,85000.0,2026-06-28,2025-07-02,12,55,140,new,2025-07-01,2026-06-30,new,505,297,203,5,302,0,high,0.5881188118811881,0.18518518518518517,0.4713804713804714,True,jeonse
11545,금천구,apartment,exclusive_area,over_40,over_85,85㎡ 초과,102,40000.0,45000.0,50000.0,5000.0,95000.0,2026-06-27,2025-07-01,12,19,51,new,2025-07-01,2026-06-30,new,151,102,49,0,102,0,high,0.6754966887417219,0.18627450980392157,0.5,True,jeonse
11545,금천구,apartment,exclusive_area,under_20,under_20,20㎡ 이하,39,10050.0,10900.0,13387.5,7390.0,19950.0,2026-06-08,2025-07-21,12,7,17,new,2025-07-01,2026-06-30,new,61,39,22,0,39,0,medium,0.639344262295082,0.1794871794871795,0.4358974358974359,True,jeonse
11545,금천구,officetel,exclusive_area,20_30,20_30,20㎡ 초과~30㎡,520,18000.0,21800.0,25000.0,6500.0,32000.0,2026-06-30,2025-07-03,12,130,287,new,2025-07-01,2026-06-30,new,869,520,348,1,521,0,high,0.5983889528193326,0.25,0.551923076923077,True,jeonse
11545,금천구,officetel,exclusive_area,30_40,30_40,30㎡ 초과~40㎡,137,23000.0,25200.0,27500.0,7000.0,32000.0,2026-06-27,2025-07-04,12,32,85,new,2025-07-01,2026-06-30,new,207,137,70,0,137,0,high,0.6618357487922706,0.23357664233576642,0.6204379562043796,True,jeonse
11545,금천구,officetel,exclusive_area,over_40,40_60,40㎡ 초과~60㎡,101,22140.0,27800.0,35700.0,9400.0,45000.0,2026-06-29,2025-07-11,12,33,60,new,2025-07-01,2026-06-30,new,140,101,39,0,101,0,high,0.7214285714285714,0.32673267326732675,0.594059405940594,True,jeonse
11545,금천구,officetel,exclusive_area,under_20,under_20,20㎡ 이하,249,12000.0,13400.0,15000.0,3400.0,29400.0,2026-06-30,2025-07-01,12,55,131,new,2025-07-01,2026-06-30,new,354,249,103,2,251,0,high,0.7033898305084746,0.22088353413654618,0.5261044176706827,True,jeonse
11545,금천구,row_house,exclusive_area,20_30,20_30,20㎡ 초과~30㎡,388,16300.0,19400.0,21750.0,3700.0,27000.0,2026-06-30,2025-07-03,12,121,224,new,2025-07-01,2026-06-30,new,497,388,107,2,390,0,high,0.7806841046277666,0.3118556701030928,0.5773195876288659,True,jeonse
11545,금천구,row_house,exclusive_area,30_40,30_40,30㎡ 초과~40㎡,111,14850.0,19900.0,24500.0,5000.0,32000.0,2026-06-18,2025-07-02,12,20,56,new,2025-07-01,2026-06-30,new,156,111,44,1,112,0,high,0.7115384615384616,0.18018018018018017,0.5045045045045045,True,jeonse
11545,금천구,row_house,exclusive_area,over_40,40_60,40㎡ 초과~60㎡,219,15000.0,19000.0,23300.0,7600.0,36000.0,2026-06-29,2025-07-01,12,67,135,new,2025-07-01,2026-06-30,new,304,219,81,4,223,0,high,0.7203947368421053,0.3059360730593607,0.6164383561643836,True,jeonse
11545,금천구,row_house,exclusive_area,over_40,60_85,60㎡ 초과~85㎡,63,18000.0,20500.0,24950.0,5000.0,35000.0,2026-06-29,2025-07-01,12,16,32,new,2025-07-01,2026-06-30,new,98,63,34,1,64,0,medium,0.6428571428571429,0.25396825396825395,0.5079365079365079,True,jeonse
11545,금천구,row_house,exclusive_area,under_20,under_20,20㎡ 이하,32,8500.0,12000.0,13000.0,6000.0,20000.0,2026-06-26,2025-07-18,10,10,21,new,2025-07-01,2026-06-30,new,41,32,9,0,32,0,medium,0.7804878048780488,0.3125,0.65625,True,jeonse
11545,금천구,single_multi_house,single_multi_reported_area,20_30,20_30,20㎡ 초과~30㎡,105,4000.0,7000.0,11000.0,2000.0,20000.0,2026-06-16,2025-07-03,12,28,56,new,2025-07-01,2026-06-30,new,132,105,23,4,109,0,high,0.7954545454545454,0.26666666666666666,0.5333333333333333,True,jeonse
11545,금천구,single_multi_house,single_multi_reported_area,30_40,30_40,30㎡ 초과~40㎡,160,8000.0,10000.0,12125.0,500.0,22050.0,2026-06-26,2025-07-01,12,35,70,new,2025-07-01,2026-06-30,new,186,160,22,4,164,0,high,0.8602150537634409,0.21875,0.4375,True,jeonse
11545,금천구,single_multi_house,single_multi_reported_area,over_40,40_60,40㎡ 초과~60㎡,121,10000.0,12000.0,14000.0,3000.0,22000.0,2026-06-29,2025-07-03,12,27,64,new,2025-07-01,2026-06-30,new,154,121,33,0,121,0,high,0.7857142857142857,0.2231404958677686,0.5289256198347108,True,jeonse
11545,금천구,single_multi_house,single_multi_reported_area,over_40,60_85,60㎡ 초과~85㎡,64,11412.5,15000.0,20000.0,3000.0,35000.0,2026-06-30,2025-07-04,12,13,29,new,2025-07-01,2026-06-30,new,82,64,18,0,64,0,medium,0.7804878048780488,0.203125,0.453125,True,jeonse
11545,금천구,single_multi_house,single_multi_reported_area,over_40,over_85,85㎡ 초과,52,6225.0,9500.0,16200.0,2500.0,35000.0,2026-06-14,2025-07-05,12,10,21,new,2025-07-01,2026-06-30,new,62,52,10,0,52,0,medium,0.8387096774193549,0.19230769230769232,0.40384615384615385,True,jeonse
11545,금천구,single_multi_house,single_multi_reported_area,under_20,under_20,20㎡ 이하,89,3500.0,5000.0,9000.0,1500.0,16000.0,2026-06-30,2025-07-08,12,16,41,new,2025-07-01,2026-06-30,new,106,89,11,6,95,0,medium,0.839622641509434,0.1797752808988764,0.4606741573033708,True,jeonse
11560,영등포구,apartment,exclusive_area,20_30,20_30,20㎡ 초과~30㎡,33,28000.0,34000.0,38000.0,17000.0,40000.0,2026-06-29,2025-07-04,11,15,24,new,2025-07-01,2026-06-30,new,48,33,15,0,33,0,medium,0.6875,0.45454545454545453,0.7272727272727273,True,jeonse
11560,영등포구,apartment,exclusive_area,30_40,30_40,30㎡ 초과~40㎡,93,28000.0,40000.0,45000.0,3978.0,58000.0,2026-06-19,2025-07-06,12,20,47,new,2025-07-01,2026-06-30,new,173,93,74,6,99,0,medium,0.5375722543352601,0.21505376344086022,0.5053763440860215,True,jeonse
11560,영등포구,apartment,exclusive_area,over_40,40_60,40㎡ 초과~60㎡,1088,41450.0,53000.0,64000.0,15000.0,89000.0,2026-06-30,2025-07-01,12,219,543,new,2025-07-01,2026-06-30,new,1997,1088,754,155,1243,0,high,0.5448172258387581,0.20128676470588236,0.4990808823529412,True,jeonse
11560,영등포구,apartment,exclusive_area,over_40,60_85,60㎡ 초과~85㎡,1358,50000.0,63000.0,75375.0,8000.0,250000.0,2026-06-30,2025-07-01,12,235,584,new,2025-07-01,2026-06-30,new,2701,1358,1213,130,1488,0,high,0.5027767493520918,0.17304860088365243,0.43004418262150224,True,jeonse
11560,영등포구,apartment,exclusive_area,over_40,over_85,85㎡ 초과,510,65000.0,85000.0,110000.0,16000.0,320000.0,2026-06-30,2025-07-01,12,90,236,new,2025-07-01,2026-06-30,new,939,510,415,14,524,0,high,0.5431309904153354,0.17647058823529413,0.4627450980392157,True,jeonse
11560,영등포구,apartment,exclusive_area,under_20,under_20,20㎡ 이하,62,11812.5,13000.0,16000.0,8500.0,27900.0,2026-06-28,2025-07-03,11,10,33,new,2025-07-01,2026-06-30,new,99,62,33,4,66,0,medium,0.6262626262626263,0.16129032258064516,0.532258064516129,True,jeonse
11560,영등포구,officetel,exclusive_area,20_30,20_30,20㎡ 초과~30㎡,817,21000.0,25500.0,30000.0,7000.0,59000.0,2026-06-30,2025-07-01,12,209,410,new,2025-07-01,2026-06-30,new,1416,817,590,9,826,0,high,0.5769774011299436,0.2558139534883721,0.5018359853121175,True,jeonse
11560,영등포구,officetel,exclusive_area,30_40,30_40,30㎡ 초과~40㎡,305,26250.0,29000.0,31500.0,7500.0,48000.0,2026-06-30,2025-07-01,12,82,161,new,2025-07-01,2026-06-30,new,508,305,198,5,310,0,high,0.6003937007874016,0.26885245901639343,0.5278688524590164,True,jeonse
11560,영등포구,officetel,exclusive_area,over_40,40_60,40㎡ 초과~60㎡,201,29300.0,36000.0,49000.0,13000.0,110000.0,2026-06-21,2025-07-03,12,46,102,new,2025-07-01,2026-06-30,new,363,201,160,2,203,0,high,0.5537190082644629,0.22885572139303484,0.5074626865671642,True,jeonse
11560,영등포구,officetel,exclusive_area,over_40,60_85,60㎡ 초과~85㎡,186,41000.0,45000.0,49000.0,6000.0,92000.0,2026-06-30,2025-07-03,12,49,109,new,2025-07-01,2026-06-30,new,330,186,137,7,193,0,high,0.5636363636363636,0.26344086021505375,0.5860215053763441,True,jeonse
11560,영등포구,officetel,exclusive_area,over_40,over_85,85㎡ 초과,121,51500.0,54300.0,60000.0,35000.0,120000.0,2026-06-27,2025-07-02,12,23,68,new,2025-07-01,2026-06-30,new,247,121,120,6,127,0,high,0.4898785425101215,0.19008264462809918,0.5619834710743802,True,jeonse
11560,영등포구,officetel,exclusive_area,under_20,under_20,20㎡ 이하,438,15000.0,18000.0,21000.0,5200.0,29000.0,2026-06-30,2025-07-02,12,100,237,new,2025-07-01,2026-06-30,new,723,438,284,1,439,0,high,0.6058091286307054,0.228310502283105,0.541095890410959,True,jeonse
11560,영등포구,row_house,exclusive_area,20_30,20_30,20㎡ 초과~30㎡,407,20250.0,24900.0,27950.0,3300.0,49000.0,2026-06-30,2025-07-01,12,130,232,new,2025-07-01,2026-06-30,new,672,407,245,20,427,0,high,0.6056547619047619,0.3194103194103194,0.5700245700245701,True,jeonse
11560,영등포구,row_house,exclusive_area,30_40,30_40,30㎡ 초과~40㎡,69,13000.0,18000.0,29000.0,7000.0,36500.0,2026-06-29,2025-07-01,12,18,36,new,2025-07-01,2026-06-30,new,100,69,31,0,69,0,medium,0.69,0.2608695652173913,0.5217391304347826,True,jeonse
11560,영등포구,row_house,exclusive_area,over_40,40_60,40㎡ 초과~60㎡,149,17000.0,20500.0,27000.0,2500.0,42000.0,2026-06-28,2025-07-02,12,32,71,new,2025-07-01,2026-06-30,new,230,149,80,1,150,0,high,0.6478260869565218,0.21476510067114093,0.47651006711409394,True,jeonse
11560,영등포구,row_house,exclusive_area,over_40,60_85,60㎡ 초과~85㎡,44,21750.0,25000.0,30000.0,17000.0,42000.0,2026-06-23,2025-07-29,12,10,22,new,2025-07-01,2026-06-30,new,80,44,34,2,46,0,medium,0.55,0.22727272727272727,0.5,True,jeonse
11560,영등포구,row_house,exclusive_area,under_20,under_20,20㎡ 이하,147,11000.0,14400.0,21450.0,5500.0,38000.0,2026-06-30,2025-07-01,12,34,61,new,2025-07-01,2026-06-30,new,209,147,61,1,148,0,high,0.7033492822966507,0.23129251700680273,0.41496598639455784,True,jeonse
11560,영등포구,single_multi_house,single_multi_reported_area,20_30,20_30,20㎡ 초과~30㎡,185,6000.0,10000.0,14000.0,500.0,27000.0,2026-06-30,2025-07-01,12,58,99,new,2025-07-01,2026-06-30,new,231,185,36,10,195,0,high,0.8008658008658008,0.31351351351351353,0.5351351351351351,True,jeonse
11560,영등포구,single_multi_house,single_multi_reported_area,30_40,30_40,30㎡ 초과~40㎡,178,9000.0,12000.0,13000.0,1000.0,30000.0,2026-06-30,2025-07-01,12,49,92,new,2025-07-01,2026-06-30,new,232,178,46,8,186,0,high,0.7672413793103449,0.2752808988764045,0.5168539325842697,True,jeonse
11560,영등포구,single_multi_house,single_multi_reported_area,over_40,40_60,40㎡ 초과~60㎡,202,12000.0,15000.0,17950.0,1500.0,35000.0,2026-06-30,2025-07-03,12,68,115,new,2025-07-01,2026-06-30,new,273,202,61,10,212,0,high,0.73992673992674,0.33663366336633666,0.5693069306930693,True,jeonse
11560,영등포구,single_multi_house,single_multi_reported_area,over_40,60_85,60㎡ 초과~85㎡,99,15000.0,20000.0,24000.0,5000.0,45000.0,2026-06-28,2025-07-07,12,29,54,new,2025-07-01,2026-06-30,new,127,99,26,2,101,0,medium,0.7795275590551181,0.29292929292929293,0.5454545454545454,True,jeonse
11560,영등포구,single_multi_house,single_multi_reported_area,over_40,over_85,85㎡ 초과,66,8000.0,15000.0,22000.0,3000.0,50000.0,2026-06-30,2025-07-01,12,15,35,new,2025-07-01,2026-06-30,new,80,66,14,0,66,0,medium,0.825,0.22727272727272727,0.5303030303030303,True,jeonse
11560,영등포구,single_multi_house,single_multi_reported_area,under_20,under_20,20㎡ 이하,136,5997.5,8000.0,11000.0,2000.0,17000.0,2026-06-30,2025-07-03,12,41,74,new,2025-07-01,2026-06-30,new,172,136,25,11,147,0,high,0.7906976744186046,0.3014705882352941,0.5441176470588235,True,jeonse
11590,동작구,apartment,exclusive_area,over_40,40_60,40㎡ 초과~60㎡,989,45000.0,53000.0,67000.0,6000.0,120000.0,2026-06-30,2025-07-01,12,180,506,new,2025-07-01,2026-06-30,new,1830,989,764,77,1066,1,high,0.5404371584699453,0.1820020222446916,0.5116279069767442,True,jeonse
11590,동작구,apartment,exclusive_area,over_40,60_85,60㎡ 초과~85㎡,1372,62000.0,73000.0,87000.0,10000.0,150000.0,2026-06-30,2025-07-01,12,250,604,new,2025-07-01,2026-06-30,new,2675,1372,1197,106,1478,0,high,0.5128971962616823,0.18221574344023322,0.4402332361516035,True,jeonse
11590,동작구,apartment,exclusive_area,over_40,over_85,85㎡ 초과,395,70000.0,81000.0,100000.0,25000.0,176000.0,2026-06-30,2025-07-02,12,67,153,new,2025-07-01,2026-06-30,new,703,395,289,19,414,0,high,0.561877667140825,0.16962025316455695,0.38734177215189874,True,jeonse
11590,동작구,officetel,exclusive_area,20_30,20_30,20㎡ 초과~30㎡,47,16100.0,20500.0,23000.0,9500.0,34000.0,2026-06-30,2025-07-23,12,15,28,new,2025-07-01,2026-06-30,new,64,47,17,0,47,0,medium,0.734375,0.3191489361702128,0.5957446808510638,True,jeonse
11590,동작구,row_house,exclusive_area,20_30,20_30,20㎡ 초과~30㎡,517,21000.0,26000.0,28300.0,6000.0,41000.0,2026-06-30,2025-07-01,12,103,241,new,2025-07-01,2026-06-30,new,678,517,151,10,527,0,high,0.7625368731563422,0.19922630560928434,0.4661508704061896,True,jeonse
11590,동작구,row_house,exclusive_area,30_40,30_40,30㎡ 초과~40㎡,189,17000.0,22000.0,25350.0,1000.0,46000.0,2026-06-30,2025-07-02,12,60,109,new,2025-07-01,2026-06-30,new,290,189,96,5,194,0,high,0.6517241379310345,0.31746031746031744,0.5767195767195767,True,jeonse
11590,동작구,row_house,exclusive_area,over_40,40_60,40㎡ 초과~60㎡,525,20000.0,25000.0,30000.0,2400.0,53000.0,2026-06-29,2025-07-01,12,123,269,new,2025-07-01,2026-06-30,new,805,525,266,14,539,0,high,0.6521739130434783,0.2342857142857143,0.5123809523809524,True,jeonse
11590,동작구,row_house,exclusive_area,over_40,60_85,60㎡ 초과~85㎡,260,24731.25,30000.0,35000.0,1000.0,100000.0,2026-06-29,2025-07-01,12,54,124,new,2025-07-01,2026-06-30,new,406,260,143,3,263,0,high,0.6403940886699507,0.2076923076923077,0.47692307692307695,True,jeonse
11590,동작구,row_house,exclusive_area,under_20,under_20,20㎡ 이하,98,10000.0,12000.0,15000.0,4500.0,33250.0,2026-06-24,2025-07-02,12,20,50,new,2025-07-01,2026-06-30,new,132,98,32,2,100,0,medium,0.7424242424242424,0.20408163265306123,0.5102040816326531,True,jeonse
11590,동작구,single_multi_house,single_multi_reported_area,20_30,20_30,20㎡ 초과~30㎡,222,8500.0,12000.0,15000.0,1500.0,30000.0,2026-06-30,2025-07-02,12,41,109,new,2025-07-01,2026-06-30,new,287,222,43,22,244,0,high,0.7735191637630662,0.18468468468468469,0.49099099099099097,True,jeonse
11590,동작구,single_multi_house,single_multi_reported_area,30_40,30_40,30㎡ 초과~40㎡,180,10000.0,13000.0,16000.0,4000.0,32500.0,2026-06-30,2025-07-01,12,54,97,new,2025-07-01,2026-06-30,new,237,180,50,7,187,0,high,0.759493670886076,0.3,0.5388888888888889,True,jeonse
11590,동작구,single_multi_house,single_multi_reported_area,over_40,40_60,40㎡ 초과~60㎡,210,13000.0,18000.0,25000.0,3000.0,50000.0,2026-06-29,2025-07-02,12,56,100,new,2025-07-01,2026-06-30,new,294,210,72,12,222,0,high,0.7142857142857143,0.26666666666666666,0.47619047619047616,True,jeonse
11590,동작구,single_multi_house,single_multi_reported_area,over_40,60_85,60㎡ 초과~85㎡,104,18750.0,25000.0,31250.0,4000.0,77800.0,2026-06-22,2025-07-02,12,23,52,new,2025-07-01,2026-06-30,new,158,104,50,4,108,0,high,0.6582278481012658,0.22115384615384615,0.5,True,jeonse
11590,동작구,single_multi_house,single_multi_reported_area,over_40,over_85,85㎡ 초과,105,28000.0,60000.0,90000.0,5000.0,205000.0,2026-06-22,2025-07-02,12,17,52,new,2025-07-01,2026-06-30,new,130,105,17,8,113,0,high,0.8076923076923077,0.1619047619047619,0.49523809523809526,True,jeonse
11590,동작구,single_multi_house,single_multi_reported_area,under_20,under_20,20㎡ 이하,307,6000.0,10000.0,12000.0,300.0,20000.0,2026-06-30,2025-07-01,12,67,159,new,2025-07-01,2026-06-30,new,425,307,71,47,354,0,high,0.7223529411764706,0.2182410423452769,0.5179153094462541,True,jeonse
11620,관악구,apartment,exclusive_area,30_40,30_40,30㎡ 초과~40㎡,53,21420.0,27000.0,29000.0,14000.0,46000.0,2026-06-30,2025-07-12,12,10,26,new,2025-07-01,2026-06-30,new,90,53,27,10,63,0,medium,0.5888888888888889,0.18867924528301888,0.49056603773584906,True,jeonse
11620,관악구,apartment,exclusive_area,over_40,40_60,40㎡ 초과~60㎡,726,38000.0,45000.0,51000.0,3000.0,77000.0,2026-06-30,2025-07-01,12,139,309,new,2025-07-01,2026-06-30,new,1263,726,465,72,798,0,high,0.5748218527315915,0.19146005509641872,0.4256198347107438,True,jeonse
11620,관악구,apartment,exclusive_area,over_40,60_85,60㎡ 초과~85㎡,648,45000.0,56000.0,63850.0,4500.0,95000.0,2026-06-30,2025-07-01,12,98,238,new,2025-07-01,2026-06-30,new,1218,648,525,45,693,0,high,0.5320197044334976,0.15123456790123457,0.36728395061728397,True,jeonse
11620,관악구,apartment,exclusive_area,over_40,over_85,85㎡ 초과,233,54000.0,62000.0,71000.0,10000.0,110000.0,2026-06-30,2025-07-02,12,44,101,new,2025-07-01,2026-06-30,new,402,233,163,6,239,0,high,0.5796019900497512,0.1888412017167382,0.4334763948497854,True,jeonse
11620,관악구,officetel,exclusive_area,20_30,20_30,20㎡ 초과~30㎡,101,16000.0,23000.0,27000.0,1850.0,35000.0,2026-06-30,2025-07-01,12,24,62,new,2025-07-01,2026-06-30,new,130,101,29,0,101,0,high,0.7769230769230769,0.2376237623762376,0.6138613861386139,True,jeonse
11620,관악구,officetel,exclusive_area,under_20,under_20,20㎡ 이하,154,10000.0,17400.0,19000.0,5850.0,25000.0,2026-06-29,2025-07-01,12,40,89,new,2025-07-01,2026-06-30,new,224,154,64,6,160,0,high,0.6875,0.2597402597402597,0.577922077922078,True,jeonse
11620,관악구,row_house,exclusive_area,20_30,20_30,20㎡ 초과~30㎡,287,17000.0,20000.0,25000.0,1512.0,39000.0,2026-06-30,2025-07-02,12,65,148,new,2025-07-01,2026-06-30,new,404,287,111,6,293,0,high,0.7103960396039604,0.2264808362369338,0.5156794425087108,True,jeonse
11620,관악구,row_house,exclusive_area,30_40,30_40,30㎡ 초과~40㎡,137,10000.0,16000.0,22000.0,3885.0,36000.0,2026-06-30,2025-07-05,12,42,82,new,2025-07-01,2026-06-30,new,206,137,63,6,143,0,high,0.6650485436893204,0.30656934306569344,0.5985401459854015,True,jeonse
11620,관악구,row_house,exclusive_area,over_40,40_60,40㎡ 초과~60㎡,278,15000.0,20700.0,27000.0,500.0,45000.0,2026-06-29,2025-07-02,12,61,152,new,2025-07-01,2026-06-30,new,424,278,135,11,289,0,high,0.6556603773584906,0.21942446043165467,0.5467625899280576,True,jeonse
11620,관악구,row_house,exclusive_area,over_40,60_85,60㎡ 초과~85㎡,134,18000.0,23250.0,30000.0,7000.0,55000.0,2026-06-28,2025-07-05,12,33,78,new,2025-07-01,2026-06-30,new,211,134,77,0,134,0,high,0.6350710900473934,0.2462686567164179,0.582089552238806,True,jeonse
11620,관악구,row_house,exclusive_area,under_20,under_20,20㎡ 이하,71,10550.0,13600.0,16180.0,5000.0,23000.0,2026-06-17,2025-07-21,12,16,37,new,2025-07-01,2026-06-30,new,95,71,21,3,74,0,medium,0.7473684210526316,0.22535211267605634,0.5211267605633803,True,jeonse
11620,관악구,single_multi_house,single_multi_reported_area,20_30,20_30,20㎡ 초과~30㎡,308,8000.0,12000.0,15000.0,1000.0,25000.0,2026-06-30,2025-07-02,12,69,146,new,2025-07-01,2026-06-30,new,432,308,56,68,376,0,high,0.7129629629629629,0.22402597402597402,0.474025974025974,True,jeonse
11620,관악구,single_multi_house,single_multi_reported_area,30_40,30_40,30㎡ 초과~40㎡,281,9000.0,12000.0,17000.0,500.0,35000.0,2026-06-30,2025-07-01,12,56,129,new,2025-07-01,2026-06-30,new,351,281,48,22,303,0,high,0.8005698005698005,0.199288256227758,0.45907473309608543,True,jeonse
11620,관악구,single_multi_house,single_multi_reported_area,over_40,40_60,40㎡ 초과~60㎡,262,12000.0,15000.0,20000.0,4500.0,54000.0,2026-06-26,2025-07-03,12,58,136,new,2025-07-01,2026-06-30,new,336,262,62,12,274,0,high,0.7797619047619048,0.22137404580152673,0.5190839694656488,True,jeonse
11620,관악구,single_multi_house,single_multi_reported_area,over_40,60_85,60㎡ 초과~85㎡,150,15000.0,22000.0,27000.0,1000.0,45000.0,2026-06-27,2025-07-01,12,44,85,new,2025-07-01,2026-06-30,new,188,150,33,5,155,0,high,0.7978723404255319,0.29333333333333333,0.5666666666666667,True,jeonse
11620,관악구,single_multi_house,single_multi_reported_area,over_40,over_85,85㎡ 초과,50,10000.0,16500.0,27750.0,3000.0,48000.0,2026-05-27,2025-07-19,11,8,18,new,2025-07-01,2026-06-30,new,74,50,19,5,55,0,medium,0.6756756756756757,0.16,0.36,True,jeonse
11620,관악구,single_multi_house,single_multi_reported_area,under_20,under_20,20㎡ 이하,434,6000.0,10000.0,12000.0,200.0,20000.0,2026-06-29,2025-07-01,12,90,212,new,2025-07-01,2026-06-30,new,627,434,67,126,560,0,high,0.6921850079744817,0.2073732718894009,0.48847926267281105,True,jeonse
11650,서초구,apartment,exclusive_area,20_30,20_30,20㎡ 초과~30㎡,86,26000.0,34250.0,37870.0,13500.0,58000.0,2026-06-27,2025-07-04,12,15,34,new,2025-07-01,2026-06-30,new,160,86,67,7,93,0,medium,0.5375,0.1744186046511628,0.3953488372093023,True,jeonse
11650,서초구,apartment,exclusive_area,30_40,30_40,30㎡ 초과~40㎡,104,27475.0,31500.0,40000.0,7792.0,74000.0,2026-06-30,2025-07-08,12,22,49,new,2025-07-01,2026-06-30,new,209,104,88,17,121,0,high,0.49760765550239233,0.21153846153846154,0.47115384615384615,True,jeonse
11650,서초구,apartment,exclusive_area,over_40,40_60,40㎡ 초과~60㎡,895,55000.0,80000.0,119500.0,20000.0,265000.0,2026-06-30,2025-07-01,12,192,363,new,2025-07-01,2026-06-30,new,2283,895,1177,211,1106,0,high,0.39202803328953134,0.21452513966480447,0.40558659217877097,True,jeonse
11650,서초구,apartment,exclusive_area,over_40,60_85,60㎡ 초과~85㎡,1610,80000.0,105000.0,150000.0,10000.0,250000.0,2026-06-30,2025-07-01,12,275,588,new,2025-07-01,2026-06-30,new,3460,1610,1725,125,1735,0,high,0.4653179190751445,0.17080745341614906,0.3652173913043478,True,jeonse
11650,서초구,apartment,exclusive_area,over_40,over_85,85㎡ 초과,1108,97000.0,135000.0,200250.0,12000.0,780000.0,2026-06-30,2025-07-01,12,193,416,new,2025-07-01,2026-06-30,new,2245,1108,1092,45,1153,0,high,0.4935412026726058,0.17418772563176896,0.37545126353790614,True,jeonse
11650,서초구,officetel,exclusive_area,20_30,20_30,20㎡ 초과~30㎡,195,16575.0,21000.0,25800.0,9900.0,42000.0,2026-06-30,2025-07-01,12,42,99,new,2025-07-01,2026-06-30,new,260,195,63,2,197,0,high,0.75,0.2153846153846154,0.5076923076923077,True,jeonse
11650,서초구,officetel,exclusive_area,30_40,30_40,30㎡ 초과~40㎡,61,25000.0,27450.0,31000.0,15000.0,39900.0,2026-06-26,2025-07-12,12,15,28,new,2025-07-01,2026-06-30,new,86,61,25,0,61,0,medium,0.7093023255813954,0.2459016393442623,0.45901639344262296,True,jeonse
11650,서초구,officetel,exclusive_area,over_40,40_60,40㎡ 초과~60㎡,64,34000.0,51000.0,59250.0,26000.0,73000.0,2026-06-29,2025-07-05,12,18,40,new,2025-07-01,2026-06-30,new,91,64,25,2,66,0,medium,0.7032967032967034,0.28125,0.625,True,jeonse
11650,서초구,officetel,exclusive_area,under_20,under_20,20㎡ 이하,117,17000.0,19000.0,20700.0,10000.0,30000.0,2026-06-30,2025-07-01,12,23,60,new,2025-07-01,2026-06-30,new,166,117,48,1,118,0,high,0.7048192771084337,0.19658119658119658,0.5128205128205128,True,jeonse
11650,서초구,row_house,exclusive_area,20_30,20_30,20㎡ 초과~30㎡,648,21037.5,29000.0,35050.0,8400.0,52000.0,2026-06-29,2025-07-01,12,156,332,new,2025-07-01,2026-06-30,new,1061,648,392,21,669,0,high,0.6107445805843544,0.24074074074074073,0.5123456790123457,True,jeonse
11650,서초구,row_house,exclusive_area,30_40,30_40,30㎡ 초과~40㎡,252,22000.0,27000.0,35500.0,9000.0,70000.0,2026-06-28,2025-07-02,12,67,135,new,2025-07-01,2026-06-30,new,413,252,156,5,257,0,high,0.6101694915254238,0.26587301587301587,0.5357142857142857,True,jeonse
11650,서초구,row_house,exclusive_area,over_40,40_60,40㎡ 초과~60㎡,591,28000.0,35000.0,43958.0,500.0,92000.0,2026-06-30,2025-07-02,12,141,298,new,2025-07-01,2026-06-30,new,1079,591,471,17,608,0,high,0.5477293790546802,0.23857868020304568,0.5042301184433164,True,jeonse
11650,서초구,row_house,exclusive_area,over_40,60_85,60㎡ 초과~85㎡,271,37500.0,45000.0,54000.0,12000.0,120000.0,2026-06-27,2025-07-01,12,48,134,new,2025-07-01,2026-06-30,new,535,271,258,6,277,0,high,0.5065420560747663,0.17712177121771217,0.4944649446494465,True,jeonse
11650,서초구,row_house,exclusive_area,over_40,over_85,85㎡ 초과,84,50750.0,70000.0,110000.0,35000.0,320000.0,2026-06-29,2025-07-02,12,23,41,new,2025-07-01,2026-06-30,new,150,84,63,3,87,0,medium,0.56,0.27380952380952384,0.4880952380952381,True,jeonse
11650,서초구,row_house,exclusive_area,under_20,under_20,20㎡ 이하,86,15150.0,17000.0,18900.0,10500.0,30000.0,2026-06-27,2025-07-05,12,25,48,new,2025-07-01,2026-06-30,new,126,86,37,3,89,0,medium,0.6825396825396826,0.29069767441860467,0.5581395348837209,True,jeonse
11650,서초구,single_multi_house,single_multi_reported_area,20_30,20_30,20㎡ 초과~30㎡,75,11250.0,13000.0,16700.0,500.0,35000.0,2026-06-30,2025-07-02,12,19,44,new,2025-07-01,2026-06-30,new,117,75,33,9,84,0,medium,0.6410256410256411,0.25333333333333335,0.5866666666666667,True,jeonse
11650,서초구,single_multi_house,single_multi_reported_area,30_40,30_40,30㎡ 초과~40㎡,60,14150.0,19500.0,22250.0,5000.0,35000.0,2026-06-27,2025-07-05,12,16,29,new,2025-07-01,2026-06-30,new,99,60,37,2,62,0,medium,0.6060606060606061,0.26666666666666666,0.48333333333333334,True,jeonse
11650,서초구,single_multi_house,single_multi_reported_area,over_40,40_60,40㎡ 초과~60㎡,153,19500.0,24300.0,30000.0,7000.0,42000.0,2026-06-28,2025-07-03,12,34,77,new,2025-07-01,2026-06-30,new,255,153,87,15,168,0,high,0.6,0.2222222222222222,0.5032679738562091,True,jeonse
11650,서초구,single_multi_house,single_multi_reported_area,over_40,60_85,60㎡ 초과~85㎡,51,30000.0,36000.0,45000.0,5000.0,58000.0,2026-06-30,2025-07-05,12,18,32,new,2025-07-01,2026-06-30,new,103,51,48,4,55,0,medium,0.49514563106796117,0.35294117647058826,0.6274509803921569,True,jeonse
11650,서초구,single_multi_house,single_multi_reported_area,over_40,over_85,85㎡ 초과,65,40000.0,50000.0,65000.0,2000.0,200000.0,2026-06-30,2025-07-04,12,14,32,new,2025-07-01,2026-06-30,new,92,65,27,0,65,0,medium,0.7065217391304348,0.2153846153846154,0.49230769230769234,True,jeonse
11680,강남구,apartment,exclusive_area,20_30,20_30,20㎡ 초과~30㎡,58,20000.0,26600.0,39250.0,9439.0,51000.0,2026-06-30,2025-07-02,11,12,30,new,2025-07-01,2026-06-30,new,103,58,43,2,60,0,medium,0.5631067961165048,0.20689655172413793,0.5172413793103449,True,jeonse
11680,강남구,apartment,exclusive_area,30_40,30_40,30㎡ 초과~40㎡,505,31500.0,38000.0,45000.0,19000.0,90000.0,2026-06-27,2025-07-01,12,105,244,new,2025-07-01,2026-06-30,new,976,505,412,59,564,0,high,0.5174180327868853,0.2079207920792079,0.48316831683168315,True,jeonse
11680,강남구,apartment,exclusive_area,over_40,40_60,40㎡ 초과~60㎡,1124,58950.0,70000.0,100000.0,10000.0,160000.0,2026-06-30,2025-07-01,12,229,506,new,2025-07-01,2026-06-30,new,2670,1124,1425,121,1245,0,high,0.4209737827715356,0.20373665480427047,0.4501779359430605,True,jeonse
11680,강남구,apartment,exclusive_area,over_40,60_85,60㎡ 초과~85㎡,1815,75000.0,90000.0,125000.0,22000.0,250000.0,2026-06-30,2025-07-01,12,343,748,new,2025-07-01,2026-06-30,new,4274,1815,2305,154,1969,0,high,0.42466073935423493,0.18898071625344354,0.4121212121212121,True,jeonse
11680,강남구,apartment,exclusive_area,over_40,over_85,85㎡ 초과,1353,105000.0,140000.0,180000.0,13500.0,1385000.0,2026-06-30,2025-07-01,12,303,631,new,2025-07-01,2026-06-30,new,2874,1353,1471,50,1403,0,high,0.4707724425887265,0.22394678492239467,0.4663710273466371,True,jeonse
11680,강남구,apartment,exclusive_area,under_20,under_20,20㎡ 이하,30,16600.0,18500.0,30000.0,13700.0,34000.0,2026-06-23,2025-07-17,10,6,19,new,2025-07-01,2026-06-30,new,41,30,11,0,30,0,medium,0.7317073170731707,0.2,0.6333333333333333,True,jeonse
11680,강남구,officetel,exclusive_area,20_30,20_30,20㎡ 초과~30㎡,283,17450.0,22000.0,27650.0,12000.0,46000.0,2026-06-30,2025-07-01,12,55,129,new,2025-07-01,2026-06-30,new,450,283,164,3,286,0,high,0.6288888888888889,0.19434628975265017,0.4558303886925795,True,jeonse
11680,강남구,officetel,exclusive_area,30_40,30_40,30㎡ 초과~40㎡,121,20000.0,23500.0,29000.0,15500.0,58000.0,2026-06-24,2025-07-03,12,36,68,new,2025-07-01,2026-06-30,new,172,121,50,1,122,0,high,0.7034883720930233,0.2975206611570248,0.5619834710743802,True,jeonse
11680,강남구,officetel,exclusive_area,over_40,40_60,40㎡ 초과~60㎡,75,35000.0,38000.0,49085.0,19000.0,130000.0,2026-06-30,2025-07-09,12,23,49,new,2025-07-01,2026-06-30,new,115,75,40,0,75,0,medium,0.6521739130434783,0.30666666666666664,0.6533333333333333,True,jeonse
11680,강남구,officetel,exclusive_area,under_20,under_20,20㎡ 이하,88,18600.0,21250.0,23500.0,11000.0,27000.0,2026-06-13,2025-07-10,12,22,45,new,2025-07-01,2026-06-30,new,124,88,36,0,88,0,medium,0.7096774193548387,0.25,0.5113636363636364,True,jeonse
11680,강남구,row_house,exclusive_area,20_30,20_30,20㎡ 초과~30㎡,591,22000.0,29400.0,33000.0,8400.0,70000.0,2026-06-30,2025-07-01,12,172,331,new,2025-07-01,2026-06-30,new,998,591,393,14,605,0,high,0.5921843687374749,0.2910321489001692,0.560067681895093,True,jeonse
11680,강남구,row_house,exclusive_area,30_40,30_40,30㎡ 초과~40㎡,193,19600.0,23000.0,33000.0,10000.0,63000.0,2026-06-29,2025-07-01,12,55,105,new,2025-07-01,2026-06-30,new,364,193,168,3,196,0,high,0.5302197802197802,0.2849740932642487,0.5440414507772021,True,jeonse
11680,강남구,row_house,exclusive_area,over_40,40_60,40㎡ 초과~60㎡,372,27547.25,35000.0,43085.0,7000.0,79000.0,2026-06-27,2025-07-02,12,80,202,new,2025-07-01,2026-06-30,new,698,372,318,8,380,0,high,0.5329512893982808,0.21505376344086022,0.543010752688172,True,jeonse
11680,강남구,row_house,exclusive_area,over_40,60_85,60㎡ 초과~85㎡,171,36000.0,44100.0,55000.0,4000.0,125000.0,2026-06-20,2025-07-01,12,27,84,new,2025-07-01,2026-06-30,new,338,171,165,2,173,0,high,0.5059171597633136,0.15789473684210525,0.49122807017543857,True,jeonse
11680,강남구,row_house,exclusive_area,over_40,over_85,85㎡ 초과,102,53650.0,70000.0,100000.0,10500.0,470000.0,2026-06-20,2025-07-01,12,24,47,new,2025-07-01,2026-06-30,new,162,102,60,0,102,0,high,0.6296296296296297,0.23529411764705882,0.46078431372549017,True,jeonse
11680,강남구,row_house,exclusive_area,under_20,under_20,20㎡ 이하,141,14900.0,16500.0,20000.0,8000.0,27000.0,2026-06-29,2025-07-04,12,41,83,new,2025-07-01,2026-06-30,new,205,141,64,0,141,0,high,0.6878048780487804,0.2907801418439716,0.5886524822695035,True,jeonse
11680,강남구,single_multi_house,single_multi_reported_area,20_30,20_30,20㎡ 초과~30㎡,120,11375.0,14000.0,18000.0,3400.0,28500.0,2026-06-26,2025-07-01,12,26,53,new,2025-07-01,2026-06-30,new,169,120,40,9,129,0,high,0.7100591715976331,0.21666666666666667,0.44166666666666665,True,jeonse
11680,강남구,single_multi_house,single_multi_reported_area,30_40,30_40,30㎡ 초과~40㎡,123,13000.0,16000.0,20000.0,4620.0,33000.0,2026-06-29,2025-07-07,12,34,76,new,2025-07-01,2026-06-30,new,176,123,46,7,130,0,high,0.6988636363636364,0.2764227642276423,0.6178861788617886,True,jeonse
11680,강남구,single_multi_house,single_multi_reported_area,over_40,40_60,40㎡ 초과~60㎡,165,20000.0,25000.0,30000.0,7000.0,50000.0,2026-06-27,2025-07-02,12,42,97,new,2025-07-01,2026-06-30,new,274,165,98,11,176,0,high,0.6021897810218978,0.2545454545454545,0.5878787878787879,True,jeonse
11680,강남구,single_multi_house,single_multi_reported_area,over_40,60_85,60㎡ 초과~85㎡,103,32000.0,38000.0,45000.0,7000.0,68000.0,2026-06-29,2025-07-01,12,26,45,new,2025-07-01,2026-06-30,new,168,103,58,7,110,0,high,0.6130952380952381,0.2524271844660194,0.4368932038834951,True,jeonse
11680,강남구,single_multi_house,single_multi_reported_area,over_40,over_85,85㎡ 초과,66,39250.0,50000.0,62000.0,11000.0,90000.0,2026-05-30,2025-07-09,11,16,34,new,2025-07-01,2026-06-30,new,105,66,37,2,68,0,medium,0.6285714285714286,0.24242424242424243,0.5151515151515151,True,jeonse
11680,강남구,single_multi_house,single_multi_reported_area,under_20,under_20,20㎡ 이하,34,6250.0,9000.0,11000.0,1000.0,18000.0,2026-06-30,2025-07-01,12,5,15,new,2025-07-01,2026-06-30,new,46,34,12,0,34,0,medium,0.7391304347826086,0.14705882352941177,0.4411764705882353,True,jeonse
11710,송파구,apartment,exclusive_area,20_30,20_30,20㎡ 초과~30㎡,79,35000.0,48500.0,57060.0,13700.0,80000.0,2026-06-30,2025-07-05,12,19,35,new,2025-07-01,2026-06-30,new,176,79,89,8,87,0,medium,0.44886363636363635,0.24050632911392406,0.4430379746835443,True,jeonse
11710,송파구,apartment,exclusive_area,30_40,30_40,30㎡ 초과~40㎡,203,25000.0,35700.0,52000.0,6378.0,82000.0,2026-06-23,2025-07-01,12,39,90,new,2025-07-01,2026-06-30,new,426,203,177,46,249,0,high,0.4765258215962441,0.1921182266009852,0.4433497536945813,True,jeonse
11710,송파구,apartment,exclusive_area,over_40,40_60,40㎡ 초과~60㎡,1131,45000.0,60000.0,80000.0,8850.0,118000.0,2026-06-30,2025-07-02,12,243,568,new,2025-07-01,2026-06-30,new,2743,1131,1449,163,1294,0,high,0.41232227488151657,0.21485411140583555,0.502210433244916,True,jeonse
11710,송파구,apartment,exclusive_area,over_40,60_85,60㎡ 초과~85㎡,2205,60000.0,80000.0,110000.0,8400.0,158000.0,2026-06-30,2025-07-01,12,403,971,new,2025-07-01,2026-06-30,new,5135,2205,2725,205,2410,0,high,0.4294060370009737,0.18276643990929706,0.4403628117913832,True,jeonse
11710,송파구,apartment,exclusive_area,over_40,over_85,85㎡ 초과,1077,85000.0,100000.0,130000.0,11200.0,300000.0,2026-06-30,2025-07-01,12,232,503,new,2025-07-01,2026-06-30,new,2178,1077,1054,47,1124,0,high,0.49449035812672176,0.21541318477251625,0.4670380687093779,True,jeonse
11710,송파구,officetel,exclusive_area,20_30,20_30,20㎡ 초과~30㎡,339,20000.0,24000.0,27500.0,7100.0,39000.0,2026-06-28,2025-07-01,12,73,179,new,2025-07-01,2026-06-30,new,665,339,315,11,350,0,high,0.5097744360902255,0.2153392330383481,0.528023598820059,True,jeonse
11710,송파구,officetel,exclusive_area,30_40,30_40,30㎡ 초과~40㎡,86,25125.0,32000.0,37000.0,2000.0,48000.0,2026-06-19,2025-07-08,12,17,45,new,2025-07-01,2026-06-30,new,141,86,54,1,87,0,medium,0.6099290780141844,0.19767441860465115,0.5232558139534884,True,jeonse
11710,송파구,officetel,exclusive_area,over_40,40_60,40㎡ 초과~60㎡,342,39825.0,42000.0,48000.0,10000.0,67500.0,2026-06-26,2025-07-01,12,71,153,new,2025-07-01,2026-06-30,new,579,342,206,31,373,0,high,0.5906735751295337,0.20760233918128654,0.4473684210526316,True,jeonse
11710,송파구,officetel,exclusive_area,under_20,under_20,20㎡ 이하,116,16362.5,18450.0,20925.0,8000.0,28000.0,2026-06-27,2025-07-10,12,25,58,new,2025-07-01,2026-06-30,new,175,116,59,0,116,0,high,0.6628571428571428,0.21551724137931033,0.5,True,jeonse
11710,송파구,row_house,exclusive_area,20_30,20_30,20㎡ 초과~30㎡,730,17000.0,23075.0,29600.0,300.0,47500.0,2026-06-30,2025-07-01,12,170,365,new,2025-07-01,2026-06-30,new,1341,730,597,14,744,0,high,0.5443698732289336,0.2328767123287671,0.5,True,jeonse
11710,송파구,row_house,exclusive_area,30_40,30_40,30㎡ 초과~40㎡,353,17000.0,21000.0,25350.0,3000.0,49800.0,2026-06-29,2025-07-01,12,84,187,new,2025-07-01,2026-06-30,new,715,353,356,6,359,0,high,0.4937062937062937,0.23796033994334279,0.5297450424929179,True,jeonse
11710,송파구,row_house,exclusive_area,over_40,40_60,40㎡ 초과~60㎡,1057,21000.0,25462.0,30090.0,2000.0,240000.0,2026-06-30,2025-07-01,12,278,558,new,2025-07-01,2026-06-30,new,2171,1057,1095,19,1076,0,high,0.48687240902809764,0.2630085146641438,0.5279091769157994,True,jeonse
11710,송파구,row_house,exclusive_area,over_40,60_85,60㎡ 초과~85㎡,384,26437.5,32250.0,40000.0,3000.0,70000.0,2026-06-29,2025-07-01,12,87,204,new,2025-07-01,2026-06-30,new,749,384,363,2,386,0,high,0.5126835781041389,0.2265625,0.53125,True,jeonse
11710,송파구,row_house,exclusive_area,over_40,over_85,85㎡ 초과,64,40000.0,46050.0,53250.0,10000.0,100000.0,2026-06-23,2025-07-03,12,17,34,new,2025-07-01,2026-06-30,new,119,64,55,0,64,0,medium,0.5378151260504201,0.265625,0.53125,True,jeonse
11710,송파구,row_house,exclusive_area,under_20,under_20,20㎡ 이하,176,12675.0,15000.0,18200.0,7000.0,35000.0,2026-06-29,2025-07-01,12,39,83,new,2025-07-01,2026-06-30,new,312,176,134,2,178,0,high,0.5641025641025641,0.2215909090909091,0.4715909090909091,True,jeonse
11710,송파구,single_multi_house,single_multi_reported_area,20_30,20_30,20㎡ 초과~30㎡,98,7000.0,9000.0,12000.0,1226.0,26000.0,2026-06-30,2025-07-03,12,24,50,new,2025-07-01,2026-06-30,new,157,98,45,14,112,0,medium,0.6242038216560509,0.24489795918367346,0.5102040816326531,True,jeonse
11710,송파구,single_multi_house,single_multi_reported_area,30_40,30_40,30㎡ 초과~40㎡,138,10000.0,13000.0,18000.0,1000.0,30000.0,2026-06-29,2025-07-02,12,32,81,new,2025-07-01,2026-06-30,new,221,138,66,17,155,0,high,0.6244343891402715,0.2318840579710145,0.5869565217391305,True,jeonse
11710,송파구,single_multi_house,single_multi_reported_area,over_40,40_60,40㎡ 초과~60㎡,195,13000.0,20000.0,24000.0,4000.0,50000.0,2026-06-30,2025-07-01,12,47,103,new,2025-07-01,2026-06-30,new,336,195,132,9,204,0,high,0.5803571428571429,0.24102564102564103,0.5282051282051282,True,jeonse
11710,송파구,single_multi_house,single_multi_reported_area,over_40,60_85,60㎡ 초과~85㎡,73,22000.0,28000.0,34000.0,6000.0,47000.0,2026-06-23,2025-07-15,12,22,37,new,2025-07-01,2026-06-30,new,118,73,41,4,77,0,medium,0.6186440677966102,0.3013698630136986,0.5068493150684932,True,jeonse
11710,송파구,single_multi_house,single_multi_reported_area,over_40,over_85,85㎡ 초과,62,16500.0,32000.0,43500.0,2500.0,200000.0,2026-06-15,2025-07-07,12,12,33,new,2025-07-01,2026-06-30,new,109,62,46,1,63,0,medium,0.5688073394495413,0.1935483870967742,0.532258064516129,True,jeonse
11710,송파구,single_multi_house,single_multi_reported_area,under_20,under_20,20㎡ 이하,39,3350.0,5500.0,11750.0,300.0,17000.0,2026-06-17,2025-07-09,12,8,21,new,2025-07-01,2026-06-30,new,64,39,19,6,45,0,medium,0.609375,0.20512820512820512,0.5384615384615384,True,jeonse
11740,강동구,apartment,exclusive_area,20_30,20_30,20㎡ 초과~30㎡,35,23000.0,24500.0,27950.0,5644.0,33800.0,2026-06-15,2025-07-03,12,5,13,new,2025-07-01,2026-06-30,new,88,35,52,1,36,0,medium,0.3977272727272727,0.14285714285714285,0.37142857142857144,True,jeonse
11740,강동구,apartment,exclusive_area,30_40,30_40,30㎡ 초과~40㎡,50,30105.0,42950.0,58800.0,7303.0,85000.0,2026-06-22,2025-07-05,12,8,22,new,2025-07-01,2026-06-30,new,98,50,33,15,65,0,medium,0.5102040816326531,0.16,0.44,True,jeonse
11740,강동구,apartment,exclusive_area,over_40,40_60,40㎡ 초과~60㎡,1188,48000.0,60000.0,74000.0,10000.0,105000.0,2026-06-30,2025-07-01,12,204,518,new,2025-07-01,2026-06-30,new,2898,1188,1481,229,1417,0,high,0.40993788819875776,0.1717171717171717,0.43602693602693604,True,jeonse
11740,강동구,apartment,exclusive_area,over_40,60_85,60㎡ 초과~85㎡,1737,55000.0,70000.0,85000.0,6500.0,150000.0,2026-06-30,2025-07-01,12,298,739,new,2025-07-01,2026-06-30,new,3756,1737,1882,137,1874,0,high,0.46246006389776356,0.1715601611974669,0.4254461715601612,True,jeonse
11740,강동구,apartment,exclusive_area,over_40,over_85,85㎡ 초과,402,67000.0,80000.0,92875.0,10000.0,210000.0,2026-06-30,2025-07-01,12,71,157,new,2025-07-01,2026-06-30,new,868,402,443,23,425,0,high,0.4631336405529954,0.17661691542288557,0.39054726368159204,True,jeonse
11740,강동구,apartment,exclusive_area,under_20,under_20,20㎡ 이하,61,10500.0,18000.0,18900.0,5000.0,25500.0,2026-06-06,2025-07-03,12,13,27,new,2025-07-01,2026-06-30,new,120,61,58,1,62,0,medium,0.5083333333333333,0.21311475409836064,0.4426229508196721,True,jeonse
11740,강동구,officetel,exclusive_area,20_30,20_30,20㎡ 초과~30㎡,195,16800.0,19000.0,23930.0,5800.0,40000.0,2026-06-25,2025-07-02,12,44,94,new,2025-07-01,2026-06-30,new,321,195,123,3,198,0,high,0.6074766355140186,0.22564102564102564,0.48205128205128206,True,jeonse
11740,강동구,officetel,exclusive_area,30_40,30_40,30㎡ 초과~40㎡,56,19750.0,26945.0,35125.0,10000.0,40000.0,2026-06-20,2025-07-11,12,17,30,new,2025-07-01,2026-06-30,new,85,56,25,4,60,0,medium,0.6588235294117647,0.30357142857142855,0.5357142857142857,True,jeonse
11740,강동구,officetel,exclusive_area,over_40,40_60,40㎡ 초과~60㎡,62,26062.5,30000.0,39100.0,2000.0,45000.0,2026-06-18,2025-07-01,12,12,28,new,2025-07-01,2026-06-30,new,103,62,39,2,64,0,medium,0.6019417475728155,0.1935483870967742,0.45161290322580644,True,jeonse
11740,강동구,officetel,exclusive_area,under_20,under_20,20㎡ 이하,87,10100.0,16000.0,17925.0,5500.0,22000.0,2026-06-20,2025-07-01,12,23,48,new,2025-07-01,2026-06-30,new,135,87,47,1,88,0,medium,0.6444444444444445,0.26436781609195403,0.5517241379310345,True,jeonse
11740,강동구,row_house,exclusive_area,20_30,20_30,20㎡ 초과~30㎡,530,20000.0,24000.0,26950.0,7000.0,52000.0,2026-06-30,2025-07-02,12,146,312,new,2025-07-01,2026-06-30,new,949,530,407,12,542,0,high,0.5584826132771338,0.27547169811320754,0.5886792452830188,True,jeonse
11740,강동구,row_house,exclusive_area,30_40,30_40,30㎡ 초과~40㎡,239,18900.0,24000.0,29400.0,7718.0,47000.0,2026-06-30,2025-07-01,12,71,141,new,2025-07-01,2026-06-30,new,448,239,203,6,245,0,high,0.5334821428571429,0.29707112970711297,0.5899581589958159,True,jeonse
11740,강동구,row_house,exclusive_area,over_40,40_60,40㎡ 초과~60㎡,499,20000.0,25000.0,31000.0,2000.0,60000.0,2026-06-30,2025-07-01,12,118,253,new,2025-07-01,2026-06-30,new,1000,499,485,16,515,0,high,0.499,0.23647294589178355,0.5070140280561122,True,jeonse
11740,강동구,row_house,exclusive_area,over_40,60_85,60㎡ 초과~85㎡,138,25000.0,30000.0,35750.0,8500.0,71000.0,2026-06-30,2025-07-01,12,30,71,new,2025-07-01,2026-06-30,new,256,138,118,0,138,0,high,0.5390625,0.21739130434782608,0.5144927536231884,True,jeonse
11740,강동구,row_house,exclusive_area,over_40,over_85,85㎡ 초과,34,31250.0,42250.0,77250.0,15000.0,110000.0,2026-06-10,2025-07-21,11,10,18,new,2025-07-01,2026-06-30,new,48,34,14,0,34,0,medium,0.7083333333333334,0.29411764705882354,0.5294117647058824,True,jeonse
11740,강동구,row_house,exclusive_area,under_20,under_20,20㎡ 이하,121,10400.0,13860.0,18300.0,7230.0,40000.0,2026-06-29,2025-07-01,12,32,70,new,2025-07-01,2026-06-30,new,228,121,102,5,126,0,high,0.5307017543859649,0.2644628099173554,0.5785123966942148,True,jeonse
11740,강동구,single_multi_house,single_multi_reported_area,20_30,20_30,20㎡ 초과~30㎡,164,5375.0,8700.0,12000.0,2000.0,27000.0,2026-06-30,2025-07-01,12,46,86,new,2025-07-01,2026-06-30,new,227,164,48,15,179,0,high,0.7224669603524229,0.2804878048780488,0.524390243902439,True,jeonse
11740,강동구,single_multi_house,single_multi_reported_area,30_40,30_40,30㎡ 초과~40㎡,206,8625.0,12300.0,15000.0,2000.0,33000.0,2026-06-25,2025-07-01,12,56,105,new,2025-07-01,2026-06-30,new,293,206,79,8,214,1,high,0.7030716723549488,0.27184466019417475,0.5097087378640777,True,jeonse
11740,강동구,single_multi_house,single_multi_reported_area,over_40,40_60,40㎡ 초과~60㎡,225,13000.0,16500.0,22000.0,1000.0,45000.0,2026-06-28,2025-07-02,12,46,108,new,2025-07-01,2026-06-30,new,347,225,113,9,234,0,high,0.6484149855907781,0.20444444444444446,0.48,True,jeonse
11740,강동구,single_multi_house,single_multi_reported_area,over_40,60_85,60㎡ 초과~85㎡,116,22000.0,28000.0,34250.0,5500.0,54000.0,2026-06-30,2025-07-02,12,27,64,new,2025-07-01,2026-06-30,new,173,116,55,2,118,0,high,0.6705202312138728,0.23275862068965517,0.5517241379310345,True,jeonse
11740,강동구,single_multi_house,single_multi_reported_area,over_40,over_85,85㎡ 초과,89,15000.0,28000.0,37000.0,2100.0,55000.0,2026-06-18,2025-07-02,12,20,54,new,2025-07-01,2026-06-30,new,129,89,39,1,90,0,medium,0.689922480620155,0.2247191011235955,0.6067415730337079,True,jeonse
11740,강동구,single_multi_house,single_multi_reported_area,under_20,under_20,20㎡ 이하,83,4250.0,9000.0,11000.0,800.0,18000.0,2026-06-29,2025-07-10,12,20,48,new,2025-07-01,2026-06-30,new,117,83,15,19,102,0,medium,0.7094017094017094,0.24096385542168675,0.5783132530120482,True,jeonse
11140,중구,officetel,exclusive_area,over_40,60_85,60㎡ 초과~85㎡,30,53000.0,54500.0,57000.0,46200.0,60000.0,2026-06-12,2025-07-12,12,10,19,new_unknown,2025-07-01,2026-06-30,new_unknown,43,27,13,3,30,0,medium,0.627906976744186,0.3333333333333333,0.6333333333333333,True,jeonse
11305,강북구,apartment,exclusive_area,20_30,20_30,20㎡ 초과~30㎡,31,22000.0,22000.0,23000.0,3593.0,32000.0,2026-06-20,2025-07-01,10,6,15,new_unknown,2025-07-01,2026-06-30,new_unknown,39,28,8,3,31,0,medium,0.717948717948718,0.1935483870967742,0.4838709677419355,True,jeonse
11350,노원구,single_multi_house,single_multi_reported_area,over_40,60_85,60㎡ 초과~85㎡,30,13250.0,19500.0,23375.0,2000.0,58000.0,2026-06-25,2025-07-05,12,7,16,new_unknown,2025-07-01,2026-06-30,new_unknown,48,28,18,2,30,0,medium,0.5833333333333334,0.23333333333333334,0.5333333333333333,True,jeonse
11380,은평구,apartment,exclusive_area,20_30,20_30,20㎡ 초과~30㎡,31,22800.0,24000.0,26500.0,12500.0,30000.0,2026-06-15,2025-07-02,11,4,10,new_unknown,2025-07-01,2026-06-30,new_unknown,55,28,24,3,31,0,medium,0.509090909090909,0.12903225806451613,0.3225806451612903,True,jeonse
11380,은평구,apartment,exclusive_area,30_40,30_40,30㎡ 초과~40㎡,38,9276.5,21395.0,28675.0,3093.0,80000.0,2026-06-03,2025-07-09,12,5,11,new_unknown,2025-07-01,2026-06-30,new_unknown,83,25,45,13,38,0,medium,0.30120481927710846,0.13157894736842105,0.2894736842105263,True,jeonse
11500,강서구,apartment,exclusive_area,under_20,under_20,20㎡ 이하,31,7990.0,8400.0,10630.0,6500.0,21000.0,2026-06-12,2025-07-05,12,11,18,new_unknown,2025-07-01,2026-06-30,new_unknown,61,29,30,2,31,0,medium,0.47540983606557374,0.3548387096774194,0.5806451612903226,True,jeonse
11500,강서구,single_multi_house,single_multi_reported_area,under_20,under_20,20㎡ 이하,31,5000.0,6000.0,8000.0,1000.0,15000.0,2026-05-14,2025-07-02,11,6,13,new_unknown,2025-07-01,2026-06-30,new_unknown,34,28,3,3,31,0,medium,0.8235294117647058,0.1935483870967742,0.41935483870967744,True,jeonse
11110,종로구,apartment,exclusive_area,20_30,20_30,20㎡ 초과~30㎡,17,15000.0,23000.0,33200.0,7000.0,35500.0,2026-06-02,2025-07-07,9,2,11,all,2025-07-01,2026-06-30,all,17,6,9,2,8,0,low,0.35294117647058826,0.11764705882352941,0.6470588235294118,True,jeonse
11110,종로구,apartment,exclusive_area,30_40,30_40,30㎡ 초과~40㎡,21,28000.0,50090.0,53700.0,7500.0,60000.0,2026-05-29,2025-07-08,8,5,9,all,2025-07-01,2026-06-30,all,21,9,12,0,9,0,low,0.42857142857142855,0.23809523809523808,0.42857142857142855,True,jeonse
11110,종로구,apartment,exclusive_area,under_20,under_20,20㎡ 이하,9,12000.0,18000.0,20000.0,7200.0,23000.0,2026-06-18,2025-07-25,5,2,3,all,2025-07-01,2026-06-30,all,9,7,2,0,7,0,very_low,0.7777777777777778,0.2222222222222222,0.3333333333333333,False,jeonse
11110,종로구,officetel,exclusive_area,over_40,60_85,60㎡ 초과~85㎡,7,31000.0,41000.0,52500.0,20000.0,110000.0,2026-06-08,2025-07-12,6,3,4,all,2025-07-01,2026-06-30,all,7,6,1,0,6,0,very_low,0.8571428571428571,0.42857142857142855,0.5714285714285714,False,jeonse
11110,종로구,row_house,exclusive_area,under_20,under_20,20㎡ 이하,31,7451.5,11000.0,13500.0,4600.0,23500.0,2026-05-28,2025-07-15,11,5,15,all,2025-07-01,2026-06-30,all,31,23,8,0,23,0,medium,0.7419354838709677,0.16129032258064516,0.4838709677419355,True,jeonse
11140,중구,apartment,exclusive_area,30_40,30_40,30㎡ 초과~40㎡,17,7135.0,29700.0,47250.0,3809.0,56000.0,2026-06-09,2025-07-11,10,4,8,all,2025-07-01,2026-06-30,all,17,7,8,2,9,0,low,0.4117647058823529,0.23529411764705882,0.47058823529411764,True,jeonse
11140,중구,apartment,exclusive_area,under_20,under_20,20㎡ 이하,30,13000.0,16650.0,23000.0,11000.0,32000.0,2026-06-29,2025-07-07,9,7,17,all,2025-07-01,2026-06-30,all,30,21,9,0,21,0,medium,0.7,0.23333333333333334,0.5666666666666667,True,jeonse
11140,중구,officetel,exclusive_area,over_40,over_85,85㎡ 초과,7,61625.0,70000.0,81500.0,52000.0,93000.0,2026-05-19,2025-07-17,5,2,5,all,2025-07-01,2026-06-30,all,7,5,2,0,5,0,very_low,0.7142857142857143,0.2857142857142857,0.7142857142857143,False,jeonse
11140,중구,row_house,exclusive_area,30_40,30_40,30㎡ 초과~40㎡,41,14700.0,17000.0,28140.0,5500.0,49000.0,2026-06-13,2025-07-02,12,8,17,all,2025-07-01,2026-06-30,all,41,26,15,0,26,0,medium,0.6341463414634146,0.1951219512195122,0.4146341463414634,True,jeonse
11140,중구,row_house,exclusive_area,over_40,over_85,85㎡ 초과,14,33750.0,57000.0,85000.0,18000.0,350000.0,2026-06-30,2025-09-15,8,4,8,all,2025-07-01,2026-06-30,all,14,11,3,0,11,0,low,0.7857142857142857,0.2857142857142857,0.5714285714285714,True,jeonse
11140,중구,single_multi_house,single_multi_reported_area,over_40,60_85,60㎡ 초과~85㎡,37,18000.0,27000.0,30000.0,7000.0,39000.0,2026-06-20,2025-07-02,11,6,18,all,2025-07-01,2026-06-30,all,37,27,10,0,27,0,medium,0.7297297297297297,0.16216216216216217,0.4864864864864865,True,jeonse
11140,중구,single_multi_house,single_multi_reported_area,over_40,over_85,85㎡ 초과,23,14000.0,25000.0,40000.0,5000.0,70000.0,2026-06-11,2025-08-23,10,5,13,all,2025-07-01,2026-06-30,all,23,18,5,0,18,0,low,0.782608695652174,0.21739130434782608,0.5652173913043478,True,jeonse
11140,중구,single_multi_house,single_multi_reported_area,under_20,under_20,20㎡ 이하,25,5000.0,7000.0,8400.0,2800.0,15000.0,2026-06-22,2025-07-02,10,6,12,all,2025-07-01,2026-06-30,all,25,21,3,1,22,0,low,0.84,0.24,0.48,True,jeonse
11170,용산구,apartment,exclusive_area,20_30,20_30,20㎡ 초과~30㎡,48,29400.0,31297.5,33080.0,22500.0,44000.0,2026-06-29,2025-07-09,12,10,20,all,2025-07-01,2026-06-30,all,48,24,24,0,24,0,medium,0.5,0.20833333333333334,0.4166666666666667,True,jeonse
11170,용산구,apartment,exclusive_area,30_40,30_40,30㎡ 초과~40㎡,26,15725.0,27000.0,45000.0,7008.0,47000.0,2026-06-12,2025-07-10,10,5,13,all,2025-07-01,2026-06-30,all,26,15,9,2,17,0,low,0.5769230769230769,0.19230769230769232,0.5,True,jeonse
11170,용산구,apartment,exclusive_area,under_20,under_20,20㎡ 이하,31,17200.0,19500.0,20500.0,14800.0,45000.0,2026-06-19,2025-07-03,12,9,12,all,2025-07-01,2026-06-30,all,31,16,15,0,16,0,medium,0.5161290322580645,0.2903225806451613,0.3870967741935484,True,jeonse
11170,용산구,officetel,exclusive_area,over_40,60_85,60㎡ 초과~85㎡,47,48142.5,53000.0,59400.0,42000.0,110000.0,2026-06-16,2025-07-03,12,9,21,all,2025-07-01,2026-06-30,all,47,26,21,0,26,0,medium,0.5531914893617021,0.19148936170212766,0.44680851063829785,True,jeonse
11170,용산구,officetel,exclusive_area,over_40,over_85,85㎡ 초과,12,57562.5,71500.0,77700.0,54000.0,160000.0,2026-06-09,2025-08-01,7,1,6,all,2025-07-01,2026-06-30,all,12,6,6,0,6,0,low,0.5,0.08333333333333333,0.5,True,jeonse
11200,성동구,apartment,exclusive_area,20_30,20_30,20㎡ 초과~30㎡,16,26125.0,61000.0,68500.0,11000.0,70000.0,2026-05-14,2025-07-29,7,1,9,all,2025-07-01,2026-06-30,all,16,8,8,0,8,0,low,0.5,0.0625,0.5625,True,jeonse
11200,성동구,apartment,exclusive_area,30_40,30_40,30㎡ 초과~40㎡,18,4041.25,5793.5,9259.0,3699.0,100000.0,2026-06-16,2025-07-14,6,2,2,all,2025-07-01,2026-06-30,all,18,3,6,9,12,0,low,0.16666666666666666,0.1111111111111111,0.1111111111111111,True,jeonse
11200,성동구,apartment,exclusive_area,under_20,under_20,20㎡ 이하,22,13737.5,16000.0,16425.0,11000.0,26500.0,2026-06-24,2025-07-14,8,2,6,all,2025-07-01,2026-06-30,all,22,16,6,0,16,0,low,0.7272727272727273,0.09090909090909091,0.2727272727272727,True,jeonse
11200,성동구,officetel,exclusive_area,over_40,40_60,40㎡ 초과~60㎡,46,27961.0,31000.0,37761.0,15700.0,45500.0,2026-06-30,2025-07-01,11,6,26,all,2025-07-01,2026-06-30,all,46,24,22,0,24,0,medium,0.5217391304347826,0.13043478260869565,0.5652173913043478,True,jeonse
11200,성동구,officetel,exclusive_area,over_40,60_85,60㎡ 초과~85㎡,19,28250.0,38288.0,46625.0,18000.0,55000.0,2026-05-21,2025-07-23,9,2,11,all,2025-07-01,2026-06-30,all,19,10,9,0,10,0,low,0.5263157894736842,0.10526315789473684,0.5789473684210527,True,jeonse
11200,성동구,row_house,exclusive_area,over_40,over_85,85㎡ 초과,15,25000.0,45000.0,60000.0,18000.0,110000.0,2026-06-05,2025-07-01,8,3,5,all,2025-07-01,2026-06-30,all,15,12,3,0,12,0,low,0.8,0.2,0.3333333333333333,True,jeonse
11215,광진구,apartment,exclusive_area,20_30,20_30,20㎡ 초과~30㎡,4,16080.0,20790.0,23955.0,11400.0,24000.0,2026-05-21,2025-09-07,3,1,3,all,2025-07-01,2026-06-30,all,4,4,0,0,4,0,very_low,1.0,0.25,0.75,False,jeonse
11215,광진구,apartment,exclusive_area,30_40,30_40,30㎡ 초과~40㎡,3,16000.0,17000.0,23000.0,15000.0,29000.0,2026-06-18,2025-09-15,3,1,1,all,2025-07-01,2026-06-30,all,3,3,0,0,3,0,very_low,1.0,0.3333333333333333,0.3333333333333333,False,jeonse
11215,광진구,apartment,exclusive_area,under_20,under_20,20㎡ 이하,35,9810.0,15000.0,17975.0,7000.0,25000.0,2026-06-25,2025-07-02,12,10,18,all,2025-07-01,2026-06-30,all,35,23,12,0,23,0,medium,0.6571428571428571,0.2857142857142857,0.5142857142857142,True,jeonse
11215,광진구,officetel,exclusive_area,over_40,40_60,40㎡ 초과~60㎡,29,27000.0,31500.0,36000.0,21600.0,85000.0,2026-06-29,2025-07-07,12,6,11,all,2025-07-01,2026-06-30,all,29,23,6,0,23,0,low,0.7931034482758621,0.20689655172413793,0.3793103448275862,True,jeonse
11215,광진구,officetel,exclusive_area,over_40,60_85,60㎡ 초과~85㎡,4,42250.0,48500.0,62250.0,37000.0,90000.0,2026-06-16,2025-08-19,4,1,3,all,2025-07-01,2026-06-30,all,4,4,0,0,4,0,very_low,1.0,0.25,0.75,False,jeonse
11215,광진구,officetel,exclusive_area,over_40,over_85,85㎡ 초과,12,64750.0,115500.0,130750.0,57750.0,160000.0,2026-06-26,2025-07-02,9,2,7,all,2025-07-01,2026-06-30,all,12,2,10,0,2,0,low,0.16666666666666666,0.16666666666666666,0.5833333333333334,True,jeonse
11215,광진구,row_house,exclusive_area,over_40,over_85,85㎡ 초과,55,25000.0,32000.0,46005.0,8000.0,97650.0,2026-06-24,2025-07-03,12,18,33,all,2025-07-01,2026-06-30,all,55,29,26,0,29,0,medium,0.5272727272727272,0.32727272727272727,0.6,True,jeonse
11230,동대문구,officetel,exclusive_area,over_40,over_85,85㎡ 초과,1,36900.0,36900.0,36900.0,36900.0,36900.0,2025-11-27,2025-11-27,1,0,0,all,2025-07-01,2026-06-30,all,1,0,1,0,0,0,very_low,0.0,0.0,0.0,False,jeonse
11230,동대문구,row_house,exclusive_area,over_40,over_85,85㎡ 초과,20,16000.0,28000.0,34750.0,8000.0,56000.0,2026-05-23,2025-07-14,10,2,8,all,2025-07-01,2026-06-30,all,20,16,4,0,16,0,low,0.8,0.1,0.4,True,jeonse
11260,중랑구,apartment,exclusive_area,20_30,20_30,20㎡ 초과~30㎡,27,17000.0,19000.0,20250.0,844.0,25600.0,2026-05-20,2025-07-01,9,9,15,all,2025-07-01,2026-06-30,all,27,17,10,0,17,0,low,0.6296296296296297,0.3333333333333333,0.5555555555555556,True,jeonse
11260,중랑구,apartment,exclusive_area,under_20,under_20,20㎡ 이하,26,16000.0,17000.0,18750.0,7000.0,22000.0,2026-06-29,2025-07-02,12,6,10,all,2025-07-01,2026-06-30,all,26,12,14,0,12,0,low,0.46153846153846156,0.23076923076923078,0.38461538461538464,True,jeonse
11260,중랑구,row_house,exclusive_area,over_40,over_85,85㎡ 초과,18,18000.0,23500.0,26985.0,9000.0,35000.0,2026-06-09,2025-07-28,9,5,8,all,2025-07-01,2026-06-30,all,18,13,5,0,13,0,low,0.7222222222222222,0.2777777777777778,0.4444444444444444,True,jeonse
11290,성북구,apartment,exclusive_area,20_30,20_30,20㎡ 초과~30㎡,2,25325.0,27550.0,29775.0,23100.0,32000.0,2026-03-23,2026-01-14,2,0,2,all,2025-07-01,2026-06-30,all,2,1,1,0,1,0,very_low,0.5,0.0,1.0,False,jeonse
11290,성북구,apartment,exclusive_area,under_20,under_20,20㎡ 이하,14,10425.0,11000.0,16750.0,9000.0,22000.0,2026-05-13,2025-07-21,8,2,8,all,2025-07-01,2026-06-30,all,14,9,5,0,9,0,low,0.6428571428571429,0.14285714285714285,0.5714285714285714,True,jeonse
11290,성북구,officetel,exclusive_area,20_30,20_30,20㎡ 초과~30㎡,29,8500.0,9800.0,13200.0,5500.0,25000.0,2026-06-27,2025-07-25,12,8,16,all,2025-07-01,2026-06-30,all,29,18,11,0,18,0,low,0.6206896551724138,0.27586206896551724,0.5517241379310345,True,jeonse
11290,성북구,officetel,exclusive_area,30_40,30_40,30㎡ 초과~40㎡,22,18781.25,26500.0,30000.0,15000.0,41000.0,2026-06-22,2025-07-28,10,4,9,all,2025-07-01,2026-06-30,all,22,14,8,0,14,0,low,0.6363636363636364,0.18181818181818182,0.4090909090909091,True,jeonse
11290,성북구,officetel,exclusive_area,over_40,40_60,40㎡ 초과~60㎡,18,23750.0,25450.0,26000.0,19000.0,48000.0,2026-05-15,2025-07-25,9,2,9,all,2025-07-01,2026-06-30,all,18,13,5,0,13,0,low,0.7222222222222222,0.1111111111111111,0.5,True,jeonse
11290,성북구,officetel,exclusive_area,over_40,60_85,60㎡ 초과~85㎡,13,30000.0,34500.0,37000.0,22770.0,48000.0,2026-06-26,2025-07-04,11,3,7,all,2025-07-01,2026-06-30,all,13,9,4,0,9,0,low,0.6923076923076923,0.23076923076923078,0.5384615384615384,True,jeonse
11290,성북구,officetel,exclusive_area,over_40,over_85,85㎡ 초과,5,40000.0,48300.0,48500.0,23500.0,51000.0,2026-06-13,2025-07-16,5,3,4,all,2025-07-01,2026-06-30,all,5,4,1,0,4,0,very_low,0.8,0.6,0.8,False,jeonse
11290,성북구,row_house,exclusive_area,over_40,over_85,85㎡ 초과,36,21750.0,32750.0,41500.0,6000.0,210000.0,2026-06-28,2025-07-20,11,12,21,all,2025-07-01,2026-06-30,all,36,24,12,0,24,0,medium,0.6666666666666666,0.3333333333333333,0.5833333333333334,True,jeonse
11305,강북구,apartment,exclusive_area,30_40,30_40,30㎡ 초과~40㎡,14,5675.5,7531.0,30450.0,4198.0,36000.0,2026-06-29,2025-09-12,8,2,8,all,2025-07-01,2026-06-30,all,14,3,7,4,7,0,low,0.21428571428571427,0.14285714285714285,0.5714285714285714,True,jeonse
11305,강북구,officetel,exclusive_area,20_30,20_30,20㎡ 초과~30㎡,34,11225.0,25000.0,27000.0,7500.0,29000.0,2026-04-29,2025-07-03,10,3,18,all,2025-07-01,2026-06-30,all,34,26,8,0,26,0,medium,0.7647058823529411,0.08823529411764706,0.5294117647058824,True,jeonse
11305,강북구,officetel,exclusive_area,30_40,30_40,30㎡ 초과~40㎡,12,10750.0,14050.0,19500.0,6000.0,28000.0,2026-06-19,2025-07-26,8,3,7,all,2025-07-01,2026-06-30,all,12,12,0,0,12,0,low,1.0,0.25,0.5833333333333334,True,jeonse
11305,강북구,officetel,exclusive_area,over_40,40_60,40㎡ 초과~60㎡,6,21250.0,22500.0,29000.0,19000.0,36000.0,2026-06-16,2025-08-16,4,4,4,all,2025-07-01,2026-06-30,all,6,6,0,0,6,0,very_low,1.0,0.6666666666666666,0.6666666666666666,False,jeonse
11305,강북구,officetel,exclusive_area,over_40,60_85,60㎡ 초과~85㎡,3,28000.0,40000.0,40000.0,16000.0,40000.0,2026-06-15,2025-11-15,3,2,2,all,2025-07-01,2026-06-30,all,3,2,1,0,2,0,very_low,0.6666666666666666,0.6666666666666666,0.6666666666666666,False,jeonse
11305,강북구,row_house,exclusive_area,over_40,over_85,85㎡ 초과,27,21500.0,23200.0,32145.0,12000.0,42000.0,2026-06-20,2025-08-23,11,8,18,all,2025-07-01,2026-06-30,all,27,18,9,0,18,0,low,0.6666666666666666,0.2962962962962963,0.6666666666666666,True,jeonse
11305,강북구,row_house,exclusive_area,under_20,under_20,20㎡ 이하,20,7900.0,8300.0,10250.0,4500.0,15750.0,2026-06-27,2025-07-02,10,4,8,all,2025-07-01,2026-06-30,all,20,15,5,0,15,0,low,0.75,0.2,0.4,True,jeonse
11320,도봉구,apartment,exclusive_area,20_30,20_30,20㎡ 초과~30㎡,15,14200.0,15000.0,15450.0,13650.0,16000.0,2026-02-27,2025-07-03,8,0,7,all,2025-07-01,2026-06-30,all,15,9,6,0,9,0,low,0.6,0.0,0.4666666666666667,True,jeonse
11320,도봉구,apartment,exclusive_area,under_20,under_20,20㎡ 이하,21,10500.0,13000.0,14000.0,6000.0,16000.0,2026-06-26,2025-07-19,11,7,13,all,2025-07-01,2026-06-30,all,21,16,5,0,16,0,low,0.7619047619047619,0.3333333333333333,0.6190476190476191,True,jeonse
11320,도봉구,officetel,exclusive_area,30_40,30_40,30㎡ 초과~40㎡,14,13000.0,13250.0,15875.0,7000.0,25800.0,2026-06-30,2025-07-15,9,3,6,all,2025-07-01,2026-06-30,all,14,12,2,0,12,0,low,0.8571428571428571,0.21428571428571427,0.42857142857142855,True,jeonse
11320,도봉구,officetel,exclusive_area,over_40,over_85,85㎡ 초과,3,27000.0,28000.0,29000.0,26000.0,30000.0,2025-09-24,2025-08-20,2,0,0,all,2025-07-01,2026-06-30,all,3,3,0,0,3,0,very_low,1.0,0.0,0.0,False,jeonse
11320,도봉구,row_house,exclusive_area,over_40,over_85,85㎡ 초과,14,20787.5,29500.0,42250.0,10000.0,47000.0,2026-05-26,2025-07-10,5,3,7,all,2025-07-01,2026-06-30,all,14,9,5,0,9,0,low,0.6428571428571429,0.21428571428571427,0.5,True,jeonse
11320,도봉구,row_house,exclusive_area,under_20,under_20,20㎡ 이하,3,5500.0,6000.0,6792.5,5000.0,7585.0,2026-06-26,2026-03-15,3,2,3,all,2025-07-01,2026-06-30,all,3,3,0,0,3,0,very_low,1.0,0.6666666666666666,1.0,False,jeonse
11320,도봉구,single_multi_house,single_multi_reported_area,over_40,over_85,85㎡ 초과,38,4250.0,10500.0,18975.0,1700.0,30000.0,2026-05-19,2025-07-16,10,10,26,all,2025-07-01,2026-06-30,all,38,24,14,0,24,0,medium,0.631578947368421,0.2631578947368421,0.6842105263157895,True,jeonse
11320,도봉구,single_multi_house,single_multi_reported_area,under_20,under_20,20㎡ 이하,26,4000.0,5000.0,6000.0,1000.0,12000.0,2026-06-07,2025-07-16,12,7,14,all,2025-07-01,2026-06-30,all,26,21,1,4,25,0,low,0.8076923076923077,0.2692307692307692,0.5384615384615384,True,jeonse
11350,노원구,apartment,exclusive_area,under_20,under_20,20㎡ 이하,6,12000.0,15100.0,15425.0,8000.0,15500.0,2026-06-17,2025-09-01,6,3,4,all,2025-07-01,2026-06-30,all,6,5,1,0,5,0,very_low,0.8333333333333334,0.5,0.6666666666666666,False,jeonse
11350,노원구,officetel,exclusive_area,20_30,20_30,20㎡ 초과~30㎡,17,9500.0,10260.0,23000.0,8400.0,24000.0,2026-06-16,2025-07-14,11,5,8,all,2025-07-01,2026-06-30,all,17,14,3,0,14,0,low,0.8235294117647058,0.29411764705882354,0.47058823529411764,True,jeonse
11350,노원구,officetel,exclusive_area,30_40,30_40,30㎡ 초과~40㎡,17,13000.0,13500.0,14000.0,6000.0,14500.0,2026-06-02,2025-07-03,9,2,7,all,2025-07-01,2026-06-30,all,17,13,4,0,13,0,low,0.7647058823529411,0.11764705882352941,0.4117647058823529,True,jeonse
11350,노원구,officetel,exclusive_area,over_40,40_60,40㎡ 초과~60㎡,18,14875.0,18500.0,25000.0,13230.0,26250.0,2026-05-25,2025-07-04,9,2,7,all,2025-07-01,2026-06-30,all,18,13,5,0,13,0,low,0.7222222222222222,0.1111111111111111,0.3888888888888889,True,jeonse
11350,노원구,officetel,exclusive_area,over_40,60_85,60㎡ 초과~85㎡,18,36712.5,37500.0,40375.0,30000.0,48000.0,2026-06-17,2025-07-07,11,3,8,all,2025-07-01,2026-06-30,all,18,10,8,0,10,0,low,0.5555555555555556,0.16666666666666666,0.4444444444444444,True,jeonse
11350,노원구,officetel,exclusive_area,over_40,over_85,85㎡ 초과,4,49612.5,52700.0,56250.0,47250.0,60000.0,2026-06-27,2025-09-11,4,2,2,all,2025-07-01,2026-06-30,all,4,2,2,0,2,0,very_low,0.5,0.5,0.5,False,jeonse
11350,노원구,officetel,exclusive_area,under_20,under_20,20㎡ 이하,10,13600.0,15700.0,18000.0,7718.0,19000.0,2026-05-11,2025-09-09,6,1,5,all,2025-07-01,2026-06-30,all,10,8,2,0,8,0,low,0.8,0.1,0.5,True,jeonse
11350,노원구,row_house,exclusive_area,over_40,over_85,85㎡ 초과,29,42000.0,53000.0,65000.0,20000.0,80000.0,2026-06-24,2025-07-01,10,6,13,all,2025-07-01,2026-06-30,all,29,22,7,0,22,0,low,0.7586206896551724,0.20689655172413793,0.4482758620689655,True,jeonse
11350,노원구,single_multi_house,single_multi_reported_area,over_40,over_85,85㎡ 초과,28,9750.0,17925.0,25050.0,4000.0,50000.0,2026-06-27,2025-08-09,11,9,15,all,2025-07-01,2026-06-30,all,28,20,8,0,20,0,low,0.7142857142857143,0.32142857142857145,0.5357142857142857,True,jeonse
11380,은평구,officetel,exclusive_area,over_40,over_85,85㎡ 초과,3,28000.0,30000.0,32100.0,26000.0,34200.0,2026-05-01,2025-07-17,3,1,1,all,2025-07-01,2026-06-30,all,3,2,1,0,2,0,very_low,0.6666666666666666,0.3333333333333333,0.3333333333333333,False,jeonse
11380,은평구,row_house,exclusive_area,over_40,over_85,85㎡ 초과,37,20000.0,24000.0,29000.0,5000.0,31010.0,2026-06-19,2025-07-01,10,11,22,all,2025-07-01,2026-06-30,all,37,27,9,1,28,0,medium,0.7297297297297297,0.2972972972972973,0.5945945945945946,True,jeonse
11410,서대문구,apartment,exclusive_area,20_30,20_30,20㎡ 초과~30㎡,23,16350.0,25000.0,25600.0,2533.0,40000.0,2026-06-23,2025-07-25,9,3,7,all,2025-07-01,2026-06-30,all,23,12,8,3,15,0,low,0.5217391304347826,0.13043478260869565,0.30434782608695654,True,jeonse
11410,서대문구,apartment,exclusive_area,under_20,under_20,20㎡ 이하,19,13500.0,15300.0,21500.0,12500.0,22000.0,2026-05-21,2025-07-02,9,5,9,all,2025-07-01,2026-06-30,all,19,12,6,1,13,0,low,0.631578947368421,0.2631578947368421,0.47368421052631576,True,jeonse
11410,서대문구,officetel,exclusive_area,30_40,30_40,30㎡ 초과~40㎡,26,21000.0,22500.0,25000.0,11500.0,34000.0,2026-06-17,2025-07-02,9,13,19,all,2025-07-01,2026-06-30,all,26,18,8,0,18,0,low,0.6923076923076923,0.5,0.7307692307692307,True,jeonse
11410,서대문구,officetel,exclusive_area,over_40,40_60,40㎡ 초과~60㎡,27,22000.0,22000.0,42050.0,17850.0,49000.0,2026-06-13,2025-07-01,10,3,7,all,2025-07-01,2026-06-30,all,27,17,10,0,17,0,low,0.6296296296296297,0.1111111111111111,0.25925925925925924,True,jeonse
11410,서대문구,officetel,exclusive_area,over_40,60_85,60㎡ 초과~85㎡,5,39690.0,40000.0,40000.0,39000.0,40000.0,2026-05-22,2025-07-12,4,1,1,all,2025-07-01,2026-06-30,all,5,3,2,0,3,0,very_low,0.6,0.2,0.2,False,jeonse
11410,서대문구,officetel,exclusive_area,over_40,over_85,85㎡ 초과,8,43750.0,49750.0,51250.0,30000.0,65000.0,2026-06-12,2025-07-05,6,3,3,all,2025-07-01,2026-06-30,all,8,4,2,2,6,0,very_low,0.5,0.375,0.375,False,jeonse
11410,서대문구,row_house,exclusive_area,under_20,under_20,20㎡ 이하,29,8000.0,11000.0,13000.0,6700.0,20850.0,2026-06-26,2025-07-16,12,5,15,all,2025-07-01,2026-06-30,all,29,19,10,0,19,0,low,0.6551724137931034,0.1724137931034483,0.5172413793103449,True,jeonse
11440,마포구,apartment,exclusive_area,20_30,20_30,20㎡ 초과~30㎡,13,25000.0,28000.0,30500.0,3141.0,50000.0,2026-05-27,2025-10-24,8,3,9,all,2025-07-01,2026-06-30,all,13,9,3,1,10,0,low,0.6923076923076923,0.23076923076923078,0.6923076923076923,True,jeonse
11440,마포구,apartment,exclusive_area,under_20,under_20,20㎡ 이하,11,12198.5,15400.0,22750.0,1562.0,30000.0,2026-05-29,2025-07-04,8,2,8,all,2025-07-01,2026-06-30,all,11,7,4,0,7,0,low,0.6363636363636364,0.18181818181818182,0.7272727272727273,True,jeonse
11440,마포구,officetel,exclusive_area,over_40,over_85,85㎡ 초과,16,54750.0,63000.0,76500.0,39900.0,85000.0,2026-06-13,2025-07-12,8,5,8,all,2025-07-01,2026-06-30,all,16,12,4,0,12,0,low,0.75,0.3125,0.5,True,jeonse
11440,마포구,row_house,exclusive_area,over_40,over_85,85㎡ 초과,44,30285.0,38000.0,41250.0,7500.0,136500.0,2026-06-27,2025-07-12,12,12,23,all,2025-07-01,2026-06-30,all,44,25,19,0,25,0,medium,0.5681818181818182,0.2727272727272727,0.5227272727272727,True,jeonse
11440,마포구,single_multi_house,single_multi_reported_area,over_40,over_85,85㎡ 초과,46,19250.0,30000.0,35750.0,6000.0,100000.0,2026-06-08,2025-07-01,12,6,17,all,2025-07-01,2026-06-30,all,46,29,17,0,29,0,medium,0.6304347826086957,0.13043478260869565,0.3695652173913043,True,jeonse
11470,양천구,apartment,exclusive_area,20_30,20_30,20㎡ 초과~30㎡,9,20000.0,20000.0,20000.0,20000.0,20000.0,2026-02-04,2025-07-07,6,0,3,all,2025-07-01,2026-06-30,all,9,6,3,0,6,0,very_low,0.6666666666666666,0.0,0.3333333333333333,False,jeonse
11470,양천구,apartment,exclusive_area,30_40,30_40,30㎡ 초과~40㎡,32,3443.0,4619.0,6871.0,2941.0,37500.0,2026-02-27,2025-09-09,6,0,2,all,2025-07-01,2026-06-30,all,32,2,12,18,20,0,medium,0.0625,0.0,0.0625,True,jeonse
11470,양천구,apartment,exclusive_area,under_20,under_20,20㎡ 이하,1,10000.0,10000.0,10000.0,10000.0,10000.0,2025-08-26,2025-08-26,1,0,0,all,2025-07-01,2026-06-30,all,1,1,0,0,1,0,very_low,1.0,0.0,0.0,False,jeonse
11470,양천구,officetel,exclusive_area,under_20,under_20,20㎡ 이하,43,9025.0,13000.0,16615.0,7000.0,25000.0,2026-06-30,2025-07-07,11,13,28,all,2025-07-01,2026-06-30,all,43,29,14,0,29,0,medium,0.6744186046511628,0.3023255813953488,0.6511627906976745,True,jeonse
11470,양천구,row_house,exclusive_area,over_40,over_85,85㎡ 초과,19,24750.0,32000.0,37000.0,13000.0,65000.0,2026-06-11,2025-08-08,10,6,11,all,2025-07-01,2026-06-30,all,19,11,8,0,11,0,low,0.5789473684210527,0.3157894736842105,0.5789473684210527,True,jeonse
11470,양천구,single_multi_house,single_multi_reported_area,under_20,under_20,20㎡ 이하,11,4500.0,7000.0,8500.0,1000.0,12000.0,2026-03-18,2025-07-22,7,0,5,all,2025-07-01,2026-06-30,all,11,8,3,0,8,0,low,0.7272727272727273,0.0,0.45454545454545453,True,jeonse
11500,강서구,officetel,exclusive_area,over_40,over_85,85㎡ 초과,12,31912.5,35500.0,41250.0,20000.0,43000.0,2026-06-27,2025-07-18,7,2,3,all,2025-07-01,2026-06-30,all,12,7,5,0,7,0,low,0.5833333333333334,0.16666666666666666,0.25,True,jeonse
11500,강서구,row_house,exclusive_area,over_40,over_85,85㎡ 초과,11,23300.0,24100.0,24600.0,15000.0,34500.0,2026-03-16,2025-08-08,6,0,3,all,2025-07-01,2026-06-30,all,11,10,1,0,10,0,low,0.9090909090909091,0.0,0.2727272727272727,True,jeonse
11530,구로구,apartment,exclusive_area,20_30,20_30,20㎡ 초과~30㎡,21,9500.0,17000.0,19260.0,7200.0,21000.0,2026-05-26,2025-07-03,9,4,13,all,2025-07-01,2026-06-30,all,21,18,3,0,18,0,low,0.8571428571428571,0.19047619047619047,0.6190476190476191,True,jeonse
11530,구로구,row_house,exclusive_area,over_40,over_85,85㎡ 초과,16,12875.0,19500.0,26000.0,10000.0,73000.0,2026-06-25,2025-07-31,10,7,11,all,2025-07-01,2026-06-30,all,16,12,4,0,12,0,low,0.75,0.4375,0.6875,True,jeonse
11530,구로구,row_house,exclusive_area,under_20,under_20,20㎡ 이하,33,7300.0,8500.0,13850.0,5000.0,20000.0,2026-06-29,2025-07-08,12,4,15,all,2025-07-01,2026-06-30,all,33,27,6,0,27,0,medium,0.8181818181818182,0.12121212121212122,0.45454545454545453,True,jeonse
11545,금천구,apartment,exclusive_area,20_30,20_30,20㎡ 초과~30㎡,19,19850.0,22000.0,24000.0,19400.0,26000.0,2026-04-30,2025-07-16,9,2,8,all,2025-07-01,2026-06-30,all,19,10,9,0,10,0,low,0.5263157894736842,0.10526315789473684,0.42105263157894735,True,jeonse
11545,금천구,apartment,exclusive_area,30_40,30_40,30㎡ 초과~40㎡,40,16800.0,19000.0,20000.0,6000.0,28800.0,2026-06-25,2025-07-21,12,11,20,all,2025-07-01,2026-06-30,all,40,25,14,1,26,0,medium,0.625,0.275,0.5,True,jeonse
11545,금천구,officetel,exclusive_area,over_40,60_85,60㎡ 초과~85㎡,30,31174.5,31679.0,33491.25,21000.0,53000.0,2026-06-17,2025-07-18,8,4,6,all,2025-07-01,2026-06-30,all,30,26,3,1,27,0,medium,0.8666666666666667,0.13333333333333333,0.2,True,jeonse
11545,금천구,officetel,exclusive_area,over_40,over_85,85㎡ 초과,1,40000.0,40000.0,40000.0,40000.0,40000.0,2026-02-14,2026-02-14,1,0,1,all,2025-07-01,2026-06-30,all,1,1,0,0,1,0,very_low,1.0,0.0,1.0,False,jeonse
11545,금천구,row_house,exclusive_area,over_40,over_85,85㎡ 초과,4,22125.0,23500.0,24125.0,18000.0,26000.0,2026-06-27,2026-03-31,3,4,4,all,2025-07-01,2026-06-30,all,4,3,1,0,3,0,very_low,0.75,1.0,1.0,False,jeonse
11560,영등포구,row_house,exclusive_area,over_40,over_85,85㎡ 초과,7,25000.0,30000.0,32550.0,8000.0,35000.0,2026-05-22,2025-12-22,6,3,6,all,2025-07-01,2026-06-30,all,7,6,1,0,6,0,very_low,0.8571428571428571,0.42857142857142855,0.8571428571428571,False,jeonse
11590,동작구,apartment,exclusive_area,20_30,20_30,20㎡ 초과~30㎡,4,20000.0,21500.0,22800.0,17000.0,25200.0,2026-06-06,2025-11-22,3,3,3,all,2025-07-01,2026-06-30,all,4,3,1,0,3,0,very_low,0.75,0.75,0.75,False,jeonse
11590,동작구,apartment,exclusive_area,30_40,30_40,30㎡ 초과~40㎡,45,16800.0,26880.0,29000.0,2616.0,35560.0,2026-06-25,2025-08-12,10,7,24,all,2025-07-01,2026-06-30,all,45,11,30,4,15,0,medium,0.24444444444444444,0.15555555555555556,0.5333333333333333,True,jeonse
11590,동작구,apartment,exclusive_area,under_20,under_20,20㎡ 이하,20,9675.0,10000.0,13125.0,8000.0,16500.0,2026-06-24,2025-07-13,10,6,15,all,2025-07-01,2026-06-30,all,20,16,4,0,16,0,low,0.8,0.3,0.75,True,jeonse
11590,동작구,officetel,exclusive_area,30_40,30_40,30㎡ 초과~40㎡,8,21900.0,23250.0,23850.0,20050.0,24000.0,2026-06-26,2025-08-05,6,4,7,all,2025-07-01,2026-06-30,all,8,4,4,0,4,0,very_low,0.5,0.5,0.875,False,jeonse
11590,동작구,officetel,exclusive_area,over_40,40_60,40㎡ 초과~60㎡,20,23650.0,25450.0,31575.0,22000.0,35800.0,2026-06-14,2025-07-03,10,4,10,all,2025-07-01,2026-06-30,all,20,14,6,0,14,0,low,0.7,0.2,0.5,True,jeonse
11590,동작구,officetel,exclusive_area,over_40,60_85,60㎡ 초과~85㎡,19,36450.0,37000.0,38500.0,33900.0,40900.0,2026-06-27,2025-07-25,10,6,10,all,2025-07-01,2026-06-30,all,19,14,3,2,16,0,low,0.7368421052631579,0.3157894736842105,0.5263157894736842,True,jeonse
11590,동작구,officetel,exclusive_area,over_40,over_85,85㎡ 초과,9,40000.0,41500.0,43000.0,39000.0,45000.0,2026-06-10,2025-07-03,7,5,5,all,2025-07-01,2026-06-30,all,9,3,5,1,4,0,very_low,0.3333333333333333,0.5555555555555556,0.5555555555555556,False,jeonse
11590,동작구,officetel,exclusive_area,under_20,under_20,20㎡ 이하,24,16800.0,18000.0,18780.0,10500.0,24000.0,2026-05-27,2025-07-07,11,6,12,all,2025-07-01,2026-06-30,all,24,12,12,0,12,0,low,0.5,0.25,0.5,True,jeonse
11590,동작구,row_house,exclusive_area,over_40,over_85,85㎡ 초과,17,33000.0,40000.0,50000.0,10000.0,62000.0,2026-06-17,2025-07-09,10,3,8,all,2025-07-01,2026-06-30,all,17,12,5,0,12,0,low,0.7058823529411765,0.17647058823529413,0.47058823529411764,True,jeonse
11620,관악구,apartment,exclusive_area,20_30,20_30,20㎡ 초과~30㎡,18,18007.5,19500.0,21500.0,2170.0,31000.0,2026-06-22,2025-07-23,9,4,10,all,2025-07-01,2026-06-30,all,18,8,9,1,9,0,low,0.4444444444444444,0.2222222222222222,0.5555555555555556,True,jeonse
11620,관악구,apartment,exclusive_area,under_20,under_20,20㎡ 이하,19,10050.0,14500.0,15350.0,9400.0,20000.0,2026-05-15,2025-07-03,10,6,12,all,2025-07-01,2026-06-30,all,19,14,5,0,14,0,low,0.7368421052631579,0.3157894736842105,0.631578947368421,True,jeonse
11620,관악구,officetel,exclusive_area,30_40,30_40,30㎡ 초과~40㎡,28,17375.0,19000.0,23400.0,8900.0,28000.0,2026-06-26,2025-07-31,10,4,14,all,2025-07-01,2026-06-30,all,28,19,9,0,19,0,low,0.6785714285714286,0.14285714285714285,0.5,True,jeonse
11620,관악구,officetel,exclusive_area,over_40,40_60,40㎡ 초과~60㎡,19,27300.0,32900.0,37000.0,12000.0,42000.0,2026-05-17,2025-07-14,9,2,9,all,2025-07-01,2026-06-30,all,19,17,2,0,17,0,low,0.8947368421052632,0.10526315789473684,0.47368421052631576,True,jeonse
11620,관악구,officetel,exclusive_area,over_40,60_85,60㎡ 초과~85㎡,11,37500.0,41000.0,45250.0,6500.0,48000.0,2026-06-17,2025-07-27,8,4,8,all,2025-07-01,2026-06-30,all,11,9,2,0,9,0,low,0.8181818181818182,0.36363636363636365,0.7272727272727273,True,jeonse
11620,관악구,row_house,exclusive_area,over_40,over_85,85㎡ 초과,21,23000.0,33500.0,35000.0,9000.0,50000.0,2026-06-30,2025-07-16,9,9,15,all,2025-07-01,2026-06-30,all,21,13,8,0,13,0,low,0.6190476190476191,0.42857142857142855,0.7142857142857143,True,jeonse
11650,서초구,apartment,exclusive_area,under_20,under_20,20㎡ 이하,37,22000.0,25000.0,34300.0,16000.0,35800.0,2026-06-29,2025-07-11,11,5,15,all,2025-07-01,2026-06-30,all,37,24,13,0,24,0,medium,0.6486486486486487,0.13513513513513514,0.40540540540540543,True,jeonse
11650,서초구,officetel,exclusive_area,over_40,60_85,60㎡ 초과~85㎡,14,55250.0,62500.0,69500.0,45000.0,100000.0,2026-06-26,2025-07-24,8,9,10,all,2025-07-01,2026-06-30,all,14,9,5,0,9,0,low,0.6428571428571429,0.6428571428571429,0.7142857142857143,True,jeonse
11650,서초구,officetel,exclusive_area,over_40,over_85,85㎡ 초과,1,70000.0,70000.0,70000.0,70000.0,70000.0,2026-06-08,2026-06-08,1,1,1,all,2025-07-01,2026-06-30,all,1,1,0,0,1,0,very_low,1.0,1.0,1.0,False,jeonse
11650,서초구,single_multi_house,single_multi_reported_area,under_20,under_20,20㎡ 이하,10,9250.0,10000.0,11625.0,4500.0,17300.0,2026-06-12,2025-12-08,6,3,6,all,2025-07-01,2026-06-30,all,10,5,5,0,5,0,low,0.5,0.3,0.6,True,jeonse
11680,강남구,officetel,exclusive_area,over_40,60_85,60㎡ 초과~85㎡,23,51250.0,65000.0,92000.0,27562.0,130000.0,2026-06-27,2025-07-03,7,10,16,all,2025-07-01,2026-06-30,all,23,15,8,0,15,0,low,0.6521739130434783,0.43478260869565216,0.6956521739130435,True,jeonse
11680,강남구,officetel,exclusive_area,over_40,over_85,85㎡ 초과,29,92000.0,130000.0,150000.0,58000.0,230000.0,2026-06-24,2025-07-05,10,3,15,all,2025-07-01,2026-06-30,all,29,13,16,0,13,0,low,0.4482758620689655,0.10344827586206896,0.5172413793103449,True,jeonse
11710,송파구,apartment,exclusive_area,under_20,under_20,20㎡ 이하,17,21500.0,23000.0,24000.0,17600.0,24000.0,2026-06-18,2025-07-09,10,4,6,all,2025-07-01,2026-06-30,all,17,13,4,0,13,0,low,0.7647058823529411,0.23529411764705882,0.35294117647058826,True,jeonse
11710,송파구,officetel,exclusive_area,over_40,60_85,60㎡ 초과~85㎡,15,46000.0,55400.0,62800.0,38000.0,70000.0,2026-05-16,2025-07-03,8,1,7,all,2025-07-01,2026-06-30,all,15,10,5,0,10,0,low,0.6666666666666666,0.06666666666666667,0.4666666666666667,True,jeonse
11710,송파구,officetel,exclusive_area,over_40,over_85,85㎡ 초과,3,43000.0,63000.0,66500.0,23000.0,70000.0,2025-11-17,2025-07-16,2,0,0,all,2025-07-01,2026-06-30,all,3,2,1,0,2,0,very_low,0.6666666666666666,0.0,0.0,False,jeonse
11740,강동구,officetel,exclusive_area,over_40,60_85,60㎡ 초과~85㎡,8,31000.0,38000.0,40500.0,25000.0,54000.0,2026-05-20,2025-09-06,7,2,6,all,2025-07-01,2026-06-30,all,8,5,1,2,7,0,very_low,0.625,0.25,0.75,False,jeonse
11740,강동구,officetel,exclusive_area,over_40,over_85,85㎡ 초과,13,51000.0,57000.0,60000.0,39900.0,73000.0,2026-06-03,2025-08-29,8,4,8,all,2025-07-01,2026-06-30,all,13,7,6,0,7,0,low,0.5384615384615384,0.3076923076923077,0.6153846153846154,True,jeonse
